timestamp,pid,name,memory_percent,cpu_percent
2024-02-11 18:29:18.871018,7480,mosquitto.exe,0.0470366066746687,0.0
2024-02-11 18:29:18.871018,17468,Unity.exe,3.2654604224285477,0.0
2024-02-11 18:29:18.871018,29212,Unity.exe,9.214222376632812,0.0
2024-02-11 18:29:18.871018,29404,python3.10.exe,0.19190437781395256,0.0
2024-02-11 18:29:18.871018,39408,mongod.exe,2.2505398632752858,0.0
2024-02-11 18:29:18.871018,43124,python3.10.exe,0.13324549848474931,0.0
2024-02-11 18:29:18.871018,46356,python3.10.exe,0.22296347047532108,0.0
2024-02-11 18:29:18.871018,47620,Unity.exe,3.315110173918475,0.0
2024-02-11 18:29:38.908017,7480,mosquitto.exe,0.0470366066746687,0.0
2024-02-11 18:29:38.908017,17468,Unity.exe,3.2654604224285477,0.0
2024-02-11 18:29:38.908017,29212,Unity.exe,9.286992237964414,4.4
2024-02-11 18:29:38.908017,29404,python3.10.exe,0.19190437781395256,0.0
2024-02-11 18:29:38.908017,39408,mongod.exe,2.2505398632752858,0.0
2024-02-11 18:29:38.908017,43124,python3.10.exe,0.13359391779345056,0.1
2024-02-11 18:29:38.908017,46356,python3.10.exe,0.22286392210140643,0.0
2024-02-11 18:29:38.908017,47620,Unity.exe,3.3151350610119543,0.0
2024-02-11 18:29:58.982908,7480,mosquitto.exe,0.0470366066746687,0.0
2024-02-11 18:29:58.982908,17468,Unity.exe,3.3120739485140787,5.4
2024-02-11 18:29:58.982908,29212,Unity.exe,9.536385801714074,72.1
2024-02-11 18:29:58.982908,29404,python3.10.exe,0.19190437781395256,0.0
2024-02-11 18:29:58.982908,39408,mongod.exe,2.2505398632752858,0.2
2024-02-11 18:29:58.982908,43124,python3.10.exe,0.1336934661673652,0.2
2024-02-11 18:29:58.982908,46356,python3.10.exe,0.22316256722315037,0.0
2024-02-11 18:29:58.982908,47620,Unity.exe,3.3539838139321434,5.4
2024-02-11 18:30:19.062739,7480,mosquitto.exe,0.0470366066746687,0.0
2024-02-11 18:30:19.062739,17468,Unity.exe,3.231315330175825,0.1
2024-02-11 18:30:19.063251,29212,Unity.exe,7.81611523918861,91.9
2024-02-11 18:30:19.063251,29404,python3.10.exe,0.1918048294400379,0.0
2024-02-11 18:30:19.063251,39408,mongod.exe,2.2505398632752858,0.3
2024-02-11 18:30:19.063251,43124,python3.10.exe,0.1334445952325786,0.0
2024-02-11 18:30:19.063251,46356,python3.10.exe,0.22316256722315037,0.2
2024-02-11 18:30:19.063251,47620,Unity.exe,3.2710600184612457,0.1
2024-02-11 18:30:39.159598,7480,mosquitto.exe,0.0470366066746687,0.0
2024-02-11 18:30:39.159598,17468,Unity.exe,3.130099520998112,0.1
2024-02-11 18:30:39.159598,29212,Unity.exe,5.91518926510155,73.0
2024-02-11 18:30:39.159598,29404,python3.10.exe,0.1918048294400379,0.0
2024-02-11 18:30:39.160135,39408,mongod.exe,1.4381006966644077,0.2
2024-02-11 18:30:39.160135,43124,python3.10.exe,0.1334445952325786,0.2
2024-02-11 18:30:39.160135,46356,python3.10.exe,0.22316256722315037,0.4
2024-02-11 18:30:39.160135,47620,Unity.exe,3.2719808409199564,0.0
2024-02-11 18:30:59.252830,7480,mosquitto.exe,0.0470366066746687,0.0
2024-02-11 18:30:59.252830,17468,Unity.exe,0.8441453237026919,0.2
2024-02-11 18:30:59.252830,29212,Unity.exe,5.918374813066819,82.1
2024-02-11 18:30:59.252830,29404,python3.10.exe,0.1918048294400379,0.1
2024-02-11 18:30:59.252830,39408,mongod.exe,1.4381255837578866,0.3
2024-02-11 18:30:59.252830,43124,python3.10.exe,0.13349436941953594,0.1
2024-02-11 18:30:59.252830,46356,python3.10.exe,0.22303813175575704,0.0
2024-02-11 18:30:59.252830,47620,Unity.exe,1.044436652018953,0.1
2024-02-11 18:31:19.369270,7480,mosquitto.exe,0.0470366066746687,0.0
2024-02-11 18:31:19.369270,17468,Unity.exe,0.6639129927302311,0.2
2024-02-11 18:31:19.369270,29212,Unity.exe,5.922406522210362,84.2
2024-02-11 18:31:19.369270,29404,python3.10.exe,0.1918048294400379,0.0
2024-02-11 18:31:19.369270,39408,mongod.exe,1.0704934388911107,0.1
2024-02-11 18:31:19.369270,43124,python3.10.exe,0.1352115788695635,0.2
2024-02-11 18:31:19.369270,46356,python3.10.exe,0.22316256722315037,0.2
2024-02-11 18:31:19.369270,47620,Unity.exe,1.04597965181463,0.2
2024-02-11 18:31:39.425391,7480,mosquitto.exe,0.0470366066746687,0.1
2024-02-11 18:31:39.425391,17468,Unity.exe,1.9522182737465803,3.1
2024-02-11 18:31:39.425391,29212,Unity.exe,5.970463499717655,74.3
2024-02-11 18:31:39.425391,29404,python3.10.exe,0.1918048294400379,0.0
2024-02-11 18:31:39.425391,39408,mongod.exe,1.0706178743585042,0.2
2024-02-11 18:31:39.425391,43124,python3.10.exe,0.13491293374781957,0.0
2024-02-11 18:31:39.425391,46356,python3.10.exe,0.22303813175575704,0.2
2024-02-11 18:31:39.425391,47620,Unity.exe,2.1041539794338036,3.0
2024-02-11 18:31:59.518746,7480,mosquitto.exe,0.0470366066746687,0.1
2024-02-11 18:31:59.518746,17468,Unity.exe,2.6306404419748706,8.7
2024-02-11 18:31:59.518746,29212,Unity.exe,6.902335827932626,64.9
2024-02-11 18:31:59.518746,29404,python3.10.exe,0.1918048294400379,0.0
2024-02-11 18:31:59.518746,39408,mongod.exe,1.0706178743585042,0.2
2024-02-11 18:31:59.518746,43124,python3.10.exe,0.1349627079347769,0.0
2024-02-11 18:31:59.518746,46356,python3.10.exe,0.22316256722315037,0.1
2024-02-11 18:31:59.519976,47620,Unity.exe,2.775010471244581,8.9
2024-02-11 18:32:19.623088,7480,mosquitto.exe,0.0470366066746687,0.1
2024-02-11 18:32:19.623088,17468,Unity.exe,2.6310386354705293,0.0
2024-02-11 18:32:19.623088,29212,Unity.exe,6.907313246628359,84.4
2024-02-11 18:32:19.623088,29404,python3.10.exe,0.1918048294400379,0.0
2024-02-11 18:32:19.623088,39408,mongod.exe,1.0706178743585042,0.3
2024-02-11 18:32:19.623088,43124,python3.10.exe,0.13501248212173422,0.2
2024-02-11 18:32:19.623088,46356,python3.10.exe,0.22316256722315037,0.0
2024-02-11 18:32:19.623088,47620,Unity.exe,2.77540866474024,0.0
2024-02-11 18:32:39.713035,7480,mosquitto.exe,0.0470366066746687,0.0
2024-02-11 18:32:39.713035,17468,Unity.exe,2.6310386354705293,0.1
2024-02-11 18:32:39.713035,29212,Unity.exe,6.907363020815316,84.4
2024-02-11 18:32:39.713035,29404,python3.10.exe,0.1918048294400379,0.0
2024-02-11 18:32:39.713035,39408,mongod.exe,1.0706427614519827,0.1
2024-02-11 18:32:39.713035,43124,python3.10.exe,0.13493782084129824,0.0
2024-02-11 18:32:39.713035,46356,python3.10.exe,0.22316256722315037,0.2
2024-02-11 18:32:39.713035,47620,Unity.exe,2.77540866474024,0.0
2024-02-11 18:32:59.800998,7480,mosquitto.exe,0.0470366066746687,0.0
2024-02-11 18:32:59.800998,17468,Unity.exe,2.6310386354705293,0.3
2024-02-11 18:32:59.800998,29212,Unity.exe,6.87570663791046,86.9
2024-02-11 18:32:59.800998,29404,python3.10.exe,0.1918048294400379,0.0
2024-02-11 18:32:59.800998,39408,mongod.exe,1.0706427614519827,0.2
2024-02-11 18:32:59.800998,43124,python3.10.exe,0.13493782084129824,0.2
2024-02-11 18:32:59.800998,46356,python3.10.exe,0.22316256722315037,0.0
2024-02-11 18:32:59.800998,47620,Unity.exe,2.77540866474024,0.0
2024-02-11 18:33:19.890876,7480,mosquitto.exe,0.0470366066746687,0.0
2024-02-11 18:33:19.890876,17468,Unity.exe,2.6316608128074956,0.1
2024-02-11 18:33:19.890876,29212,Unity.exe,6.865751800518996,84.4
2024-02-11 18:33:19.890876,29404,python3.10.exe,0.1918048294400379,0.0
2024-02-11 18:33:19.890876,39408,mongod.exe,1.070841858199812,0.2
2024-02-11 18:33:19.890876,43124,python3.10.exe,0.1349627079347769,0.1
2024-02-11 18:33:19.890876,46356,python3.10.exe,0.22303813175575704,0.2
2024-02-11 18:33:19.890876,47620,Unity.exe,2.776030842077206,0.0
2024-02-11 18:33:39.978509,7480,mosquitto.exe,0.0470366066746687,0.0
2024-02-11 18:33:39.978509,17468,Unity.exe,2.6328553932944714,0.1
2024-02-11 18:33:39.978509,29212,Unity.exe,6.845842125736066,85.4
2024-02-11 18:33:39.978509,29404,python3.10.exe,0.1918048294400379,0.0
2024-02-11 18:33:39.978509,39408,mongod.exe,1.070841858199812,0.2
2024-02-11 18:33:39.978509,43124,python3.10.exe,0.13493782084129824,0.2
2024-02-11 18:33:39.978509,46356,python3.10.exe,0.22303813175575704,0.0
2024-02-11 18:33:39.978509,47620,Unity.exe,2.776852116162002,0.0
2024-02-11 18:34:00.068641,7480,mosquitto.exe,0.0470366066746687,0.0
2024-02-11 18:34:00.068641,17468,Unity.exe,2.6327558449205566,0.1
2024-02-11 18:34:00.068641,29212,Unity.exe,6.769787168065281,86.3
2024-02-11 18:34:00.068641,29404,python3.10.exe,0.1918048294400379,0.0
2024-02-11 18:34:00.068641,39408,mongod.exe,1.0709414065737266,0.0
2024-02-11 18:34:00.068641,43124,python3.10.exe,0.1347636111869476,0.2
2024-02-11 18:34:00.068641,46356,python3.10.exe,0.22328700269054366,0.2
2024-02-11 18:34:00.068641,47620,Unity.exe,2.776926777442438,0.1
2024-02-11 18:34:20.155134,7480,mosquitto.exe,0.0470366066746687,0.0
2024-02-11 18:34:20.155134,17468,Unity.exe,2.6327558449205566,0.0
2024-02-11 18:34:20.155134,29212,Unity.exe,6.7972874063591995,86.9
2024-02-11 18:34:20.155134,29404,python3.10.exe,0.1918048294400379,0.0
2024-02-11 18:34:20.155134,39408,mongod.exe,1.0709662936672053,0.2
2024-02-11 18:34:20.155134,43124,python3.10.exe,0.13625683679566725,0.1
2024-02-11 18:34:20.155134,46356,python3.10.exe,0.22313768012967172,0.1
2024-02-11 18:34:20.155134,47620,Unity.exe,2.7769516645359165,0.2
2024-02-11 18:34:40.243076,7480,mosquitto.exe,0.0470366066746687,0.0
2024-02-11 18:34:40.243076,17468,Unity.exe,2.6327558449205566,0.2
2024-02-11 18:34:40.243076,29212,Unity.exe,6.797337180546157,89.9
2024-02-11 18:34:40.243076,29404,python3.10.exe,0.19190437781395256,0.0
2024-02-11 18:34:40.243076,39408,mongod.exe,1.0709662936672053,0.2
2024-02-11 18:34:40.243076,43124,python3.10.exe,0.13625683679566725,0.0
2024-02-11 18:34:40.243076,46356,python3.10.exe,0.22328700269054366,0.1
2024-02-11 18:34:40.243076,47620,Unity.exe,2.7769516645359165,0.0
2024-02-11 18:35:00.319377,7480,mosquitto.exe,0.0470366066746687,0.0
2024-02-11 18:35:00.320820,17468,Unity.exe,2.63288028038795,0.1
2024-02-11 18:35:00.320820,29212,Unity.exe,6.797760261135294,90.4
2024-02-11 18:35:00.320820,29404,python3.10.exe,0.19190437781395256,0.0
2024-02-11 18:35:00.320820,39408,mongod.exe,1.0710160678541625,0.4
2024-02-11 18:35:00.320820,43124,python3.10.exe,0.1362319497021886,0.2
2024-02-11 18:35:00.320820,46356,python3.10.exe,0.22313768012967172,0.0
2024-02-11 18:35:00.320820,47620,Unity.exe,2.77707610000331,0.0
2024-02-11 18:35:20.411076,7480,mosquitto.exe,0.0470366066746687,0.0
2024-02-11 18:35:20.411076,17468,Unity.exe,2.63288028038795,0.0
2024-02-11 18:35:20.411076,29212,Unity.exe,6.845717690268674,76.3
2024-02-11 18:35:20.411076,29404,python3.10.exe,0.19190437781395256,0.0
2024-02-11 18:35:20.411076,39408,mongod.exe,1.0711653904150347,0.2
2024-02-11 18:35:20.411076,43124,python3.10.exe,0.13655548191741118,0.2
2024-02-11 18:35:20.411076,46356,python3.10.exe,0.22303813175575704,0.0
2024-02-11 18:35:20.411076,47620,Unity.exe,2.77707610000331,0.1
2024-02-11 18:35:40.486632,7480,mosquitto.exe,0.0470366066746687,0.0
2024-02-11 18:35:40.486632,17468,Unity.exe,2.63288028038795,0.2
2024-02-11 18:35:40.486632,29212,Unity.exe,6.845667916081716,74.8
2024-02-11 18:35:40.487651,29404,python3.10.exe,0.19190437781395256,0.0
2024-02-11 18:35:40.487651,39408,mongod.exe,1.071140503321556,0.2
2024-02-11 18:35:40.487651,43124,python3.10.exe,0.13643104645001788,0.1
2024-02-11 18:35:40.487651,46356,python3.10.exe,0.22316256722315037,0.1
2024-02-11 18:35:40.487651,47620,Unity.exe,2.77707610000331,0.1
2024-02-11 18:36:00.573724,7480,mosquitto.exe,0.0470366066746687,0.1
2024-02-11 18:36:00.573724,17468,Unity.exe,2.63288028038795,0.1
2024-02-11 18:36:00.573724,29212,Unity.exe,6.8456928031751945,80.9
2024-02-11 18:36:00.573724,29404,python3.10.exe,0.1918048294400379,0.0
2024-02-11 18:36:00.573724,39408,mongod.exe,1.0712400516954705,0.4
2024-02-11 18:36:00.573724,43124,python3.10.exe,0.1365305948239325,0.1
2024-02-11 18:36:00.573724,46356,python3.10.exe,0.22316256722315037,0.1
2024-02-11 18:36:00.573724,47620,Unity.exe,2.7771009870967887,0.1
2024-02-11 18:36:20.664543,7480,mosquitto.exe,0.0470366066746687,0.0
2024-02-11 18:36:20.664543,17468,Unity.exe,2.63288028038795,0.1
2024-02-11 18:36:20.664543,29212,Unity.exe,6.845891899923025,83.5
2024-02-11 18:36:20.664543,29404,python3.10.exe,0.1918048294400379,0.0
2024-02-11 18:36:20.664543,39408,mongod.exe,1.0714142613498212,0.2
2024-02-11 18:36:20.664543,43124,python3.10.exe,0.13655548191741118,0.2
2024-02-11 18:36:20.664543,46356,python3.10.exe,0.22313768012967172,0.2
2024-02-11 18:36:20.664543,47620,Unity.exe,2.7771258741902676,0.0
2024-02-11 18:36:40.755770,7480,mosquitto.exe,0.0470366066746687,0.0
2024-02-11 18:36:40.755770,17468,Unity.exe,2.63288028038795,0.0
2024-02-11 18:36:40.755770,29212,Unity.exe,6.846389641792597,66.3
2024-02-11 18:36:40.755770,29404,python3.10.exe,0.1918048294400379,0.0
2024-02-11 18:36:40.755770,39408,mongod.exe,1.0714889226302573,0.2
2024-02-11 18:36:40.755770,43124,python3.10.exe,0.13658036901088985,0.0
2024-02-11 18:36:40.755770,46356,python3.10.exe,0.22303813175575704,0.1
2024-02-11 18:36:40.755770,47620,Unity.exe,2.777150761283746,0.0
2024-02-11 18:37:00.836989,7480,mosquitto.exe,0.0470366066746687,0.0
2024-02-11 18:37:00.836989,17468,Unity.exe,2.63288028038795,0.2
2024-02-11 18:37:00.836989,29212,Unity.exe,6.848455270551327,72.5
2024-02-11 18:37:00.836989,29404,python3.10.exe,0.1918048294400379,0.0
2024-02-11 18:37:00.836989,39408,mongod.exe,1.0715635839106932,0.2
2024-02-11 18:37:00.836989,43124,python3.10.exe,0.13655548191741118,0.2
2024-02-11 18:37:00.836989,46356,python3.10.exe,0.22316256722315037,0.1
2024-02-11 18:37:00.836989,47620,Unity.exe,2.777150761283746,0.1
2024-02-11 18:37:20.929554,7480,mosquitto.exe,0.0470366066746687,0.0
2024-02-11 18:37:20.929554,17468,Unity.exe,2.633079377135779,0.1
2024-02-11 18:37:20.929554,29212,Unity.exe,6.848579706018719,82.3
2024-02-11 18:37:20.929554,29404,python3.10.exe,0.1918048294400379,0.0
2024-02-11 18:37:20.929554,39408,mongod.exe,1.0717377935650438,0.2
2024-02-11 18:37:20.931028,43124,python3.10.exe,0.1363563851695819,0.1
2024-02-11 18:37:20.931028,46356,python3.10.exe,0.22313768012967172,0.1
2024-02-11 18:37:20.931028,47620,Unity.exe,2.777349858031575,0.0
2024-02-11 18:37:41.011219,7480,mosquitto.exe,0.0470366066746687,0.0
2024-02-11 18:37:41.011219,17468,Unity.exe,2.633079377135779,0.2
2024-02-11 18:37:41.011219,29212,Unity.exe,6.848430383457847,90.6
2024-02-11 18:37:41.011219,29404,python3.10.exe,0.1918048294400379,0.0
2024-02-11 18:37:41.011219,39408,mongod.exe,1.071787567752001,0.1
2024-02-11 18:37:41.011219,43124,python3.10.exe,0.1364061593565392,0.1
2024-02-11 18:37:41.011219,46356,python3.10.exe,0.22316256722315037,0.2
2024-02-11 18:37:41.011219,47620,Unity.exe,2.777349858031575,0.1
2024-02-11 18:38:01.091653,7480,mosquitto.exe,0.0470366066746687,0.0
2024-02-11 18:38:01.091653,17468,Unity.exe,2.633104264229258,0.1
2024-02-11 18:38:01.091653,29212,Unity.exe,6.848455270551327,92.0
2024-02-11 18:38:01.091653,29404,python3.10.exe,0.1918048294400379,0.0
2024-02-11 18:38:01.091653,39408,mongod.exe,1.0718871161259156,0.2
2024-02-11 18:38:01.091653,43124,python3.10.exe,0.1363563851695819,0.2
2024-02-11 18:38:01.091653,46356,python3.10.exe,0.22313768012967172,0.2
2024-02-11 18:38:01.091653,47620,Unity.exe,2.777349858031575,0.2
2024-02-11 18:38:21.172820,7480,mosquitto.exe,0.0470366066746687,0.0
2024-02-11 18:38:21.172820,17468,Unity.exe,2.634622376931456,0.1
2024-02-11 18:38:21.172820,29212,Unity.exe,6.848604593112198,87.1
2024-02-11 18:38:21.172820,29404,python3.10.exe,0.1918048294400379,0.0
2024-02-11 18:38:21.172820,39408,mongod.exe,1.072235535434617,0.1
2024-02-11 18:38:21.172820,43124,python3.10.exe,0.13633149807610323,0.0
2024-02-11 18:38:21.172820,46356,python3.10.exe,0.22303813175575704,0.2
2024-02-11 18:38:21.172820,47620,Unity.exe,2.778867970733774,0.1
2024-02-11 18:38:41.274979,7480,mosquitto.exe,0.0470366066746687,0.0
2024-02-11 18:38:41.274979,17468,Unity.exe,2.634622376931456,0.1
2024-02-11 18:38:41.274979,29212,Unity.exe,6.848554818925241,89.0
2024-02-11 18:38:41.274979,29404,python3.10.exe,0.1918048294400379,0.0
2024-02-11 18:38:41.274979,39408,mongod.exe,1.072235535434617,0.3
2024-02-11 18:38:41.274979,43124,python3.10.exe,0.13638127226306057,0.0
2024-02-11 18:38:41.274979,46356,python3.10.exe,0.22316256722315037,0.0
2024-02-11 18:38:41.274979,47620,Unity.exe,2.778867970733774,0.0
2024-02-11 18:39:01.348837,7480,mosquitto.exe,0.0470366066746687,0.0
2024-02-11 18:39:01.348837,17468,Unity.exe,2.634622376931456,0.2
2024-02-11 18:39:01.348837,29212,Unity.exe,6.84596656120346,86.1
2024-02-11 18:39:01.348837,29404,python3.10.exe,0.1918048294400379,0.0
2024-02-11 18:39:01.348837,39408,mongod.exe,1.0723350838085315,0.3
2024-02-11 18:39:01.348837,43124,python3.10.exe,0.13638127226306057,0.2
2024-02-11 18:39:01.348837,46356,python3.10.exe,0.22316256722315037,0.0
2024-02-11 18:39:01.348837,47620,Unity.exe,2.778867970733774,0.0
2024-02-11 18:39:21.424094,7480,mosquitto.exe,0.0470366066746687,0.0
2024-02-11 18:39:21.424094,17468,Unity.exe,2.634622376931456,0.0
2024-02-11 18:39:21.424602,29212,Unity.exe,6.597518707005991,86.5
2024-02-11 18:39:21.424602,29404,python3.10.exe,0.1918048294400379,0.0
2024-02-11 18:39:21.424602,39408,mongod.exe,1.0723350838085315,0.2
2024-02-11 18:39:21.424602,43124,python3.10.exe,0.13665503029132584,0.0
2024-02-11 18:39:21.424602,46356,python3.10.exe,0.22306301884923574,0.2
2024-02-11 18:39:21.424602,47620,Unity.exe,2.778867970733774,0.1
2024-02-11 18:39:41.505811,7480,mosquitto.exe,0.0470366066746687,0.0
2024-02-11 18:39:41.507245,17468,Unity.exe,2.6349956833336363,0.2
2024-02-11 18:39:41.507245,29212,Unity.exe,6.597593368286427,75.6
2024-02-11 18:39:41.507245,29404,python3.10.exe,0.1918048294400379,0.0
2024-02-11 18:39:41.507245,39408,mongod.exe,1.0723350838085315,0.0
2024-02-11 18:39:41.507245,43124,python3.10.exe,0.13663014319784716,0.2
2024-02-11 18:39:41.507245,46356,python3.10.exe,0.22331188978402233,0.1
2024-02-11 18:39:41.507245,47620,Unity.exe,2.778843083640295,0.1
2024-02-11 18:40:01.593600,7480,mosquitto.exe,0.0470366066746687,0.0
2024-02-11 18:40:01.593600,17468,Unity.exe,2.6349956833336363,0.1
2024-02-11 18:40:01.593600,29212,Unity.exe,6.597419158632076,85.6
2024-02-11 18:40:01.593600,29404,python3.10.exe,0.1918048294400379,0.0
2024-02-11 18:40:01.593600,39408,mongod.exe,1.0722604225280956,0.2
2024-02-11 18:40:01.593600,43124,python3.10.exe,0.13663014319784716,0.2
2024-02-11 18:40:01.593600,46356,python3.10.exe,0.22316256722315037,0.2
2024-02-11 18:40:01.593600,47620,Unity.exe,2.7788928578272523,0.1
2024-02-11 18:40:21.669437,7480,mosquitto.exe,0.0470366066746687,0.0
2024-02-11 18:40:21.669437,17468,Unity.exe,2.6349956833336363,0.0
2024-02-11 18:40:21.669437,29212,Unity.exe,6.597468932819034,88.9
2024-02-11 18:40:21.669437,29404,python3.10.exe,0.19190437781395256,0.0
2024-02-11 18:40:21.669437,39408,mongod.exe,1.0722604225280956,0.0
2024-02-11 18:40:21.669437,43124,python3.10.exe,0.13672969157176182,0.0
2024-02-11 18:40:21.669437,46356,python3.10.exe,0.22316256722315037,0.0
2024-02-11 18:40:21.669437,47620,Unity.exe,2.7788928578272523,0.0
2024-02-11 18:40:41.755774,7480,mosquitto.exe,0.0470366066746687,0.0
2024-02-11 18:40:41.757160,17468,Unity.exe,2.6349956833336363,0.0
2024-02-11 18:40:41.757160,29212,Unity.exe,6.597568481192948,81.7
2024-02-11 18:40:41.757160,29404,python3.10.exe,0.19190437781395256,0.0
2024-02-11 18:40:41.757160,39408,mongod.exe,1.0722604225280956,0.2
2024-02-11 18:40:41.757160,43124,python3.10.exe,0.1366052561043685,0.0
2024-02-11 18:40:41.757160,46356,python3.10.exe,0.22306301884923574,0.2
2024-02-11 18:40:41.757160,47620,Unity.exe,2.7788928578272523,0.0
2024-02-11 18:41:01.845248,7480,mosquitto.exe,0.0470366066746687,0.0
2024-02-11 18:41:01.845248,17468,Unity.exe,2.6349956833336363,0.1
2024-02-11 18:41:01.845248,29212,Unity.exe,6.610310673054022,83.5
2024-02-11 18:41:01.845248,29404,python3.10.exe,0.19190437781395256,0.1
2024-02-11 18:41:01.845248,39408,mongod.exe,1.0722604225280956,0.0
2024-02-11 18:41:01.845248,43124,python3.10.exe,0.13665503029132584,0.2
2024-02-11 18:41:01.845248,46356,python3.10.exe,0.22306301884923574,0.2
2024-02-11 18:41:01.845248,47620,Unity.exe,2.7789177449207307,0.2
2024-02-11 18:41:21.946623,7480,mosquitto.exe,0.0470366066746687,0.1
2024-02-11 18:41:21.946623,17468,Unity.exe,2.6349956833336363,0.0
2024-02-11 18:41:21.946623,29212,Unity.exe,6.6103604472409785,89.0
2024-02-11 18:41:21.946623,29404,python3.10.exe,0.1918048294400379,0.0
2024-02-11 18:41:21.946623,39408,mongod.exe,1.0722604225280956,0.2
2024-02-11 18:41:21.946623,43124,python3.10.exe,0.13663014319784716,0.1
2024-02-11 18:41:21.946623,46356,python3.10.exe,0.223187454316629,0.4
2024-02-11 18:41:21.946623,47620,Unity.exe,2.778967519107688,0.1
2024-02-11 18:41:42.020745,7480,mosquitto.exe,0.0470366066746687,0.0
2024-02-11 18:41:42.021748,17468,Unity.exe,2.6349956833336363,0.2
2024-02-11 18:41:42.021748,29212,Unity.exe,6.630842525173917,84.4
2024-02-11 18:41:42.021748,29404,python3.10.exe,0.1918048294400379,0.0
2024-02-11 18:41:42.021748,39408,mongod.exe,1.0722604225280956,0.2
2024-02-11 18:41:42.021748,43124,python3.10.exe,0.1363563851695819,0.1
2024-02-11 18:41:42.021748,46356,python3.10.exe,0.2230879059427144,0.2
2024-02-11 18:41:42.021748,47620,Unity.exe,2.778967519107688,0.3
2024-02-11 18:42:02.116306,7480,mosquitto.exe,0.0470366066746687,0.0
2024-02-11 18:42:02.117398,17468,Unity.exe,2.6349956833336363,0.1
2024-02-11 18:42:02.117398,29212,Unity.exe,6.630842525173917,88.2
2024-02-11 18:42:02.117398,29404,python3.10.exe,0.1918048294400379,0.0
2024-02-11 18:42:02.117398,39408,mongod.exe,1.0722604225280956,0.2
2024-02-11 18:42:02.117398,43124,python3.10.exe,0.13638127226306057,0.2
2024-02-11 18:42:02.117398,46356,python3.10.exe,0.2230879059427144,0.0
2024-02-11 18:42:02.117398,47620,Unity.exe,2.7789924062011666,0.2
2024-02-11 18:42:22.195536,7480,mosquitto.exe,0.0470366066746687,0.1
2024-02-11 18:42:22.195536,17468,Unity.exe,2.6349956833336363,0.2
2024-02-11 18:42:22.195536,29212,Unity.exe,6.623675042252063,82.1
2024-02-11 18:42:22.195536,29404,python3.10.exe,0.1918048294400379,0.0
2024-02-11 18:42:22.195536,39408,mongod.exe,1.0722604225280956,0.1
2024-02-11 18:42:22.195536,43124,python3.10.exe,0.1363563851695819,0.2
2024-02-11 18:42:22.195536,46356,python3.10.exe,0.2232123414101077,0.2
2024-02-11 18:42:22.195536,47620,Unity.exe,2.7789924062011666,0.0
2024-02-11 18:42:42.267051,7480,mosquitto.exe,0.0470366066746687,0.0
2024-02-11 18:42:42.267051,17468,Unity.exe,2.6349956833336363,0.0
2024-02-11 18:42:42.267051,29212,Unity.exe,6.606702044499617,83.8
2024-02-11 18:42:42.267051,29404,python3.10.exe,0.1918048294400379,0.0
2024-02-11 18:42:42.267051,39408,mongod.exe,1.0722604225280956,0.2
2024-02-11 18:42:42.267051,43124,python3.10.exe,0.13638127226306057,0.2
2024-02-11 18:42:42.268054,46356,python3.10.exe,0.2230879059427144,0.3
2024-02-11 18:42:42.268054,47620,Unity.exe,2.7790172932946455,0.0
2024-02-11 18:43:02.330439,7480,mosquitto.exe,0.0470366066746687,0.0
2024-02-11 18:43:02.330439,17468,Unity.exe,2.6349956833336363,0.2
2024-02-11 18:43:02.330439,29212,Unity.exe,6.490429543767314,81.1
2024-02-11 18:43:02.330439,29404,python3.10.exe,0.1918048294400379,0.0
2024-02-11 18:43:02.330439,39408,mongod.exe,1.0722604225280956,0.3
2024-02-11 18:43:02.330439,43124,python3.10.exe,0.13638127226306057,0.0
2024-02-11 18:43:02.330439,46356,python3.10.exe,0.2230879059427144,0.2
2024-02-11 18:43:02.330439,47620,Unity.exe,2.7790172932946455,0.1
2024-02-11 18:43:22.409856,7480,mosquitto.exe,0.0470366066746687,0.0
2024-02-11 18:43:22.409856,17468,Unity.exe,2.6349956833336363,0.3
2024-02-11 18:43:22.409856,29212,Unity.exe,6.4613614185842385,78.7
2024-02-11 18:43:22.409856,29404,python3.10.exe,0.1918048294400379,0.0
2024-02-11 18:43:22.409856,39408,mongod.exe,1.0723350838085315,0.1
2024-02-11 18:43:22.409856,43124,python3.10.exe,0.1364061593565392,0.2
2024-02-11 18:43:22.409856,46356,python3.10.exe,0.22311279303619305,0.1
2024-02-11 18:43:22.409856,47620,Unity.exe,2.7790172932946455,0.0
2024-02-11 18:43:42.496393,7480,mosquitto.exe,0.0470366066746687,0.0
2024-02-11 18:43:42.497396,17468,Unity.exe,2.6354685381097305,0.0
2024-02-11 18:43:42.497396,29212,Unity.exe,6.451257258631901,75.8
2024-02-11 18:43:42.497396,29404,python3.10.exe,0.1918048294400379,0.0
2024-02-11 18:43:42.497396,39408,mongod.exe,1.0723350838085315,0.0
2024-02-11 18:43:42.497396,43124,python3.10.exe,0.13645593354349653,0.2
2024-02-11 18:43:42.497396,46356,python3.10.exe,0.22311279303619305,0.2
2024-02-11 18:43:42.497396,47620,Unity.exe,2.7790172932946455,0.0
2024-02-11 18:44:02.560739,7480,mosquitto.exe,0.0470366066746687,0.0
2024-02-11 18:44:02.560739,17468,Unity.exe,2.6354685381097305,0.2
2024-02-11 18:44:02.560739,29212,Unity.exe,6.451257258631901,74.8
2024-02-11 18:44:02.560739,29404,python3.10.exe,0.1918048294400379,0.0
2024-02-11 18:44:02.560739,39408,mongod.exe,1.0724346321824463,0.2
2024-02-11 18:44:02.560739,43124,python3.10.exe,0.1365305948239325,0.1
2024-02-11 18:44:02.560739,46356,python3.10.exe,0.22311279303619305,0.1
2024-02-11 18:44:02.560739,47620,Unity.exe,2.77911684166856,0.0
2024-02-11 18:44:22.636898,7480,mosquitto.exe,0.0470366066746687,0.0
2024-02-11 18:44:22.636898,17468,Unity.exe,2.6354685381097305,0.0
2024-02-11 18:44:22.636898,29212,Unity.exe,6.451431468286252,75.9
2024-02-11 18:44:22.636898,29404,python3.10.exe,0.1918048294400379,0.0
2024-02-11 18:44:22.636898,39408,mongod.exe,1.072459519275925,0.2
2024-02-11 18:44:22.636898,43124,python3.10.exe,0.13655548191741118,0.1
2024-02-11 18:44:22.636898,46356,python3.10.exe,0.22323722850358638,0.2
2024-02-11 18:44:22.636898,47620,Unity.exe,2.77911684166856,0.0
2024-02-11 18:44:42.701702,7480,mosquitto.exe,0.0470366066746687,0.0
2024-02-11 18:44:42.701702,17468,Unity.exe,2.6354685381097305,0.1
2024-02-11 18:44:42.701702,29212,Unity.exe,6.451431468286252,77.3
2024-02-11 18:44:42.701702,29404,python3.10.exe,0.1918048294400379,0.0
2024-02-11 18:44:42.701702,39408,mongod.exe,1.072459519275925,0.2
2024-02-11 18:44:42.701702,43124,python3.10.exe,0.13655548191741118,0.1
2024-02-11 18:44:42.701702,46356,python3.10.exe,0.22323722850358638,0.3
2024-02-11 18:44:42.701702,47620,Unity.exe,2.77911684166856,0.0
2024-02-11 18:45:02.769884,7480,mosquitto.exe,0.0470366066746687,0.0
2024-02-11 18:45:02.769884,17468,Unity.exe,2.6354685381097305,0.1
2024-02-11 18:45:02.769884,29212,Unity.exe,6.451431468286252,75.1
2024-02-11 18:45:02.769884,29404,python3.10.exe,0.1918048294400379,0.0
2024-02-11 18:45:02.769884,39408,mongod.exe,1.072459519275925,0.5
2024-02-11 18:45:02.769884,43124,python3.10.exe,0.13655548191741118,0.1
2024-02-11 18:45:02.769884,46356,python3.10.exe,0.22313768012967172,0.2
2024-02-11 18:45:02.769884,47620,Unity.exe,2.77911684166856,0.0
2024-02-11 18:45:22.865834,7480,mosquitto.exe,0.0470366066746687,0.0
2024-02-11 18:45:22.865834,17468,Unity.exe,2.6354685381097305,0.0
2024-02-11 18:45:22.865834,29212,Unity.exe,6.476965626195358,70.8
2024-02-11 18:45:22.865834,29404,python3.10.exe,0.1918048294400379,0.0
2024-02-11 18:45:22.865834,39408,mongod.exe,1.072459519275925,0.2
2024-02-11 18:45:22.865834,43124,python3.10.exe,0.1364808206369752,0.0
2024-02-11 18:45:22.865834,46356,python3.10.exe,0.22323722850358638,0.3
2024-02-11 18:45:22.866847,47620,Unity.exe,2.7791666158555177,0.0
2024-02-11 18:45:42.946812,7480,mosquitto.exe,0.0470366066746687,0.0
2024-02-11 18:45:42.946812,17468,Unity.exe,2.6354685381097305,0.0
2024-02-11 18:45:42.946812,29212,Unity.exe,6.476965626195358,78.1
2024-02-11 18:45:42.946812,29404,python3.10.exe,0.19190437781395256,0.0
2024-02-11 18:45:42.946812,39408,mongod.exe,1.0723599709020104,0.4
2024-02-11 18:45:42.946812,43124,python3.10.exe,0.1365305948239325,0.0
2024-02-11 18:45:42.946812,46356,python3.10.exe,0.22338655106445832,0.1
2024-02-11 18:45:42.946812,47620,Unity.exe,2.7791666158555177,0.1
2024-02-11 18:46:03.015196,7480,mosquitto.exe,0.0470366066746687,0.1
2024-02-11 18:46:03.015196,17468,Unity.exe,2.6354685381097305,0.0
2024-02-11 18:46:03.015196,29212,Unity.exe,6.476990513288837,73.9
2024-02-11 18:46:03.015196,29404,python3.10.exe,0.19190437781395256,0.0
2024-02-11 18:46:03.015196,39408,mongod.exe,1.0723599709020104,0.2
2024-02-11 18:46:03.015196,43124,python3.10.exe,0.13645593354349653,0.2
2024-02-11 18:46:03.015196,46356,python3.10.exe,0.22323722850358638,0.1
2024-02-11 18:46:03.015196,47620,Unity.exe,2.7791666158555177,0.0
2024-02-11 18:46:23.090241,7480,mosquitto.exe,0.0470366066746687,0.0
2024-02-11 18:46:23.091148,17468,Unity.exe,2.635368989735816,0.0
2024-02-11 18:46:23.091148,29212,Unity.exe,6.476990513288837,74.0
2024-02-11 18:46:23.091148,29404,python3.10.exe,0.19190437781395256,0.0
2024-02-11 18:46:23.091148,39408,mongod.exe,1.0723599709020104,0.3
2024-02-11 18:46:23.091148,43124,python3.10.exe,0.13645593354349653,0.0
2024-02-11 18:46:23.091148,46356,python3.10.exe,0.22313768012967172,0.2
2024-02-11 18:46:23.091148,47620,Unity.exe,2.7791666158555177,0.0
2024-02-11 18:46:43.164164,7480,mosquitto.exe,0.0470366066746687,0.0
2024-02-11 18:46:43.165706,17468,Unity.exe,2.635368989735816,0.1
2024-02-11 18:46:43.165706,29212,Unity.exe,6.477139835849709,75.7
2024-02-11 18:46:43.165706,29404,python3.10.exe,0.19190437781395256,0.0
2024-02-11 18:46:43.165706,39408,mongod.exe,1.0723599709020104,0.2
2024-02-11 18:46:43.165706,43124,python3.10.exe,0.13645593354349653,0.1
2024-02-11 18:46:43.165706,46356,python3.10.exe,0.223187454316629,0.1
2024-02-11 18:46:43.165706,47620,Unity.exe,2.7791666158555177,0.2
2024-02-11 18:47:03.249912,7480,mosquitto.exe,0.0470366066746687,0.0
2024-02-11 18:47:03.249912,17468,Unity.exe,2.635368989735816,0.0
2024-02-11 18:47:03.249912,29212,Unity.exe,6.477164722943188,79.8
2024-02-11 18:47:03.249912,29404,python3.10.exe,0.1918048294400379,0.0
2024-02-11 18:47:03.249912,39408,mongod.exe,1.0723599709020104,0.2
2024-02-11 18:47:03.249912,43124,python3.10.exe,0.1364061593565392,0.0
2024-02-11 18:47:03.249912,46356,python3.10.exe,0.223187454316629,0.2
2024-02-11 18:47:03.249912,47620,Unity.exe,2.7791666158555177,0.0
2024-02-11 18:47:23.302914,7480,mosquitto.exe,0.0470366066746687,0.0
2024-02-11 18:47:23.304136,17468,Unity.exe,2.635368989735816,0.0
2024-02-11 18:47:23.304136,29212,Unity.exe,6.477189610036666,79.1
2024-02-11 18:47:23.304136,29404,python3.10.exe,0.1918048294400379,0.0
2024-02-11 18:47:23.304136,39408,mongod.exe,1.0723599709020104,0.3
2024-02-11 18:47:23.304136,43124,python3.10.exe,0.13643104645001788,0.0
2024-02-11 18:47:23.304136,46356,python3.10.exe,0.223187454316629,0.1
2024-02-11 18:47:23.304136,47620,Unity.exe,2.7791666158555177,0.1
2024-02-11 18:47:43.372953,7480,mosquitto.exe,0.0470366066746687,0.0
2024-02-11 18:47:43.373977,17468,Unity.exe,2.635368989735816,0.0
2024-02-11 18:47:43.373977,29212,Unity.exe,6.477189610036666,73.7
2024-02-11 18:47:43.373977,29404,python3.10.exe,0.1918048294400379,0.0
2024-02-11 18:47:43.373977,39408,mongod.exe,1.0723599709020104,0.0
2024-02-11 18:47:43.373977,43124,python3.10.exe,0.1364061593565392,0.2
2024-02-11 18:47:43.373977,46356,python3.10.exe,0.22331188978402233,0.2
2024-02-11 18:47:43.373977,47620,Unity.exe,2.7791666158555177,0.0
2024-02-11 18:48:03.445561,7480,mosquitto.exe,0.0470366066746687,0.0
2024-02-11 18:48:03.446524,17468,Unity.exe,2.635368989735816,0.1
2024-02-11 18:48:03.446524,29212,Unity.exe,6.477189610036666,78.1
2024-02-11 18:48:03.446524,29404,python3.10.exe,0.1918048294400379,0.0
2024-02-11 18:48:03.446524,39408,mongod.exe,1.072459519275925,0.1
2024-02-11 18:48:03.446524,43124,python3.10.exe,0.1364061593565392,0.2
2024-02-11 18:48:03.446524,46356,python3.10.exe,0.22331188978402233,0.2
2024-02-11 18:48:03.446524,47620,Unity.exe,2.7791666158555177,0.0
2024-02-11 18:48:23.514281,7480,mosquitto.exe,0.0470366066746687,0.0
2024-02-11 18:48:23.514281,17468,Unity.exe,2.635368989735816,0.0
2024-02-11 18:48:23.514281,29212,Unity.exe,6.477214497130144,76.9
2024-02-11 18:48:23.514281,29404,python3.10.exe,0.1918048294400379,0.0
2024-02-11 18:48:23.514281,39408,mongod.exe,1.0724844063694037,0.2
2024-02-11 18:48:23.514281,43124,python3.10.exe,0.1364061593565392,0.0
2024-02-11 18:48:23.514281,46356,python3.10.exe,0.223187454316629,0.2
2024-02-11 18:48:23.514281,47620,Unity.exe,2.7791666158555177,0.1
2024-02-11 18:48:43.596076,7480,mosquitto.exe,0.0470366066746687,0.0
2024-02-11 18:48:43.597011,17468,Unity.exe,2.635368989735816,0.0
2024-02-11 18:48:43.597011,29212,Unity.exe,6.477264271317103,72.8
2024-02-11 18:48:43.597011,29404,python3.10.exe,0.1918048294400379,0.0
2024-02-11 18:48:43.597011,39408,mongod.exe,1.0724844063694037,0.2
2024-02-11 18:48:43.597011,43124,python3.10.exe,0.1364061593565392,0.1
2024-02-11 18:48:43.597011,46356,python3.10.exe,0.223187454316629,0.2
2024-02-11 18:48:43.597011,47620,Unity.exe,2.7791666158555177,0.0
2024-02-11 18:49:03.669913,7480,mosquitto.exe,0.0470366066746687,0.0
2024-02-11 18:49:03.671429,17468,Unity.exe,2.6354685381097305,0.1
2024-02-11 18:49:03.671429,29212,Unity.exe,6.4772891584105805,78.3
2024-02-11 18:49:03.671429,29404,python3.10.exe,0.1918048294400379,0.0
2024-02-11 18:49:03.671429,39408,mongod.exe,1.0725839547433182,0.2
2024-02-11 18:49:03.671429,43124,python3.10.exe,0.1363563851695819,0.0
2024-02-11 18:49:03.671429,46356,python3.10.exe,0.223187454316629,0.2
2024-02-11 18:49:03.671429,47620,Unity.exe,2.7791666158555177,0.1
2024-02-11 18:49:23.757127,7480,mosquitto.exe,0.0470366066746687,0.0
2024-02-11 18:49:23.758099,17468,Unity.exe,2.6354685381097305,0.0
2024-02-11 18:49:23.758099,29212,Unity.exe,6.477264271317103,79.7
2024-02-11 18:49:23.758099,29404,python3.10.exe,0.1918048294400379,0.0
2024-02-11 18:49:23.758099,39408,mongod.exe,1.0725839547433182,0.1
2024-02-11 18:49:23.758099,43124,python3.10.exe,0.1364808206369752,0.1
2024-02-11 18:49:23.758099,46356,python3.10.exe,0.22331188978402233,0.2
2024-02-11 18:49:23.758099,47620,Unity.exe,2.7791666158555177,0.0
2024-02-11 18:49:43.824559,7480,mosquitto.exe,0.0470366066746687,0.0
2024-02-11 18:49:43.825560,17468,Unity.exe,2.6354685381097305,0.0
2024-02-11 18:49:43.825560,29212,Unity.exe,6.4772891584105805,73.4
2024-02-11 18:49:43.825560,29404,python3.10.exe,0.1918048294400379,0.0
2024-02-11 18:49:43.825560,39408,mongod.exe,1.0725839547433182,0.2
2024-02-11 18:49:43.825560,43124,python3.10.exe,0.13663014319784716,0.2
2024-02-11 18:49:43.825560,46356,python3.10.exe,0.223187454316629,0.2
2024-02-11 18:49:43.825560,47620,Unity.exe,2.7791666158555177,0.1
2024-02-11 18:50:03.907997,7480,mosquitto.exe,0.0470366066746687,0.0
2024-02-11 18:50:03.907997,17468,Unity.exe,2.6354685381097305,0.1
2024-02-11 18:50:03.907997,29212,Unity.exe,6.477363819691016,77.8
2024-02-11 18:50:03.907997,29404,python3.10.exe,0.1918048294400379,0.0
2024-02-11 18:50:03.907997,39408,mongod.exe,1.0725839547433182,0.2
2024-02-11 18:50:03.907997,43124,python3.10.exe,0.1366052561043685,0.0
2024-02-11 18:50:03.907997,46356,python3.10.exe,0.223187454316629,0.1
2024-02-11 18:50:03.907997,47620,Unity.exe,2.7791666158555177,0.0
2024-02-11 18:50:23.982144,7480,mosquitto.exe,0.0470366066746687,0.0
2024-02-11 18:50:23.982144,17468,Unity.exe,2.6354685381097305,0.1
2024-02-11 18:50:23.982144,29212,Unity.exe,6.477388706784495,75.1
2024-02-11 18:50:23.982144,29404,python3.10.exe,0.1918048294400379,0.0
2024-02-11 18:50:23.982144,39408,mongod.exe,1.0724844063694037,0.2
2024-02-11 18:50:23.982144,43124,python3.10.exe,0.1366052561043685,0.1
2024-02-11 18:50:23.982144,46356,python3.10.exe,0.223187454316629,0.0
2024-02-11 18:50:23.982144,47620,Unity.exe,2.7791666158555177,0.1
2024-02-11 18:50:44.049891,7480,mosquitto.exe,0.0470366066746687,0.0
2024-02-11 18:50:44.049891,17468,Unity.exe,2.6360907154466973,0.1
2024-02-11 18:50:44.049891,29212,Unity.exe,6.477413593877975,74.9
2024-02-11 18:50:44.049891,29404,python3.10.exe,0.1918048294400379,0.0
2024-02-11 18:50:44.049891,39408,mongod.exe,1.0724844063694037,0.2
2024-02-11 18:50:44.049891,43124,python3.10.exe,0.13650570773045387,0.2
2024-02-11 18:50:44.049891,46356,python3.10.exe,0.223187454316629,0.2
2024-02-11 18:50:44.049891,47620,Unity.exe,2.7791666158555177,0.0
2024-02-11 18:51:04.142752,7480,mosquitto.exe,0.0470366066746687,0.0
2024-02-11 18:51:04.142752,17468,Unity.exe,2.6360907154466973,0.3
2024-02-11 18:51:04.142752,29212,Unity.exe,6.624496316336859,82.0
2024-02-11 18:51:04.142752,29404,python3.10.exe,0.1918048294400379,0.0
2024-02-11 18:51:04.142752,39408,mongod.exe,1.0725092934628822,0.1
2024-02-11 18:51:04.142752,43124,python3.10.exe,0.1364808206369752,0.1
2024-02-11 18:51:04.142752,46356,python3.10.exe,0.22328700269054366,0.3
2024-02-11 18:51:04.142752,47620,Unity.exe,2.7791666158555177,0.0
2024-02-11 18:51:24.256707,7480,mosquitto.exe,0.0470366066746687,0.0
2024-02-11 18:51:24.256707,17468,Unity.exe,2.6360907154466973,0.0
2024-02-11 18:51:24.258239,29212,Unity.exe,6.573627097266477,77.9
2024-02-11 18:51:24.258239,29404,python3.10.exe,0.19190437781395256,0.0
2024-02-11 18:51:24.258239,39408,mongod.exe,1.0725092934628822,0.0
2024-02-11 18:51:24.258300,43124,python3.10.exe,0.13645593354349653,0.0
2024-02-11 18:51:24.258300,46356,python3.10.exe,0.22328700269054366,0.1
2024-02-11 18:51:24.258300,47620,Unity.exe,2.7791666158555177,0.2
2024-02-11 18:51:44.342676,7480,mosquitto.exe,0.0470366066746687,0.0
2024-02-11 18:51:44.342676,17468,Unity.exe,2.6360907154466973,0.3
2024-02-11 18:51:44.342676,29212,Unity.exe,6.573527548892562,73.0
2024-02-11 18:51:44.342676,29404,python3.10.exe,0.19190437781395256,0.0
2024-02-11 18:51:44.342676,39408,mongod.exe,1.0725092934628822,0.2
2024-02-11 18:51:44.342676,43124,python3.10.exe,0.13655548191741118,0.1
2024-02-11 18:51:44.342676,46356,python3.10.exe,0.22328700269054366,0.2
2024-02-11 18:51:44.342676,47620,Unity.exe,2.779291051322911,0.1
2024-02-11 18:52:04.421847,7480,mosquitto.exe,0.0470366066746687,0.0
2024-02-11 18:52:04.422849,17468,Unity.exe,2.63641424766192,0.3
2024-02-11 18:52:04.422849,29212,Unity.exe,6.573527548892562,82.2
2024-02-11 18:52:04.422849,29404,python3.10.exe,0.19190437781395256,0.0
2024-02-11 18:52:04.422849,39408,mongod.exe,1.0725092934628822,0.2
2024-02-11 18:52:04.422849,43124,python3.10.exe,0.1364808206369752,0.2
2024-02-11 18:52:04.422849,46356,python3.10.exe,0.22343632525141563,0.2
2024-02-11 18:52:04.422849,47620,Unity.exe,2.779291051322911,0.0
2024-02-11 18:52:24.515799,7480,mosquitto.exe,0.0470366066746687,0.0
2024-02-11 18:52:24.515799,17468,Unity.exe,2.63641424766192,0.0
2024-02-11 18:52:24.515799,29212,Unity.exe,6.573627097266477,82.7
2024-02-11 18:52:24.515799,29404,python3.10.exe,0.19190437781395256,0.0
2024-02-11 18:52:24.515799,39408,mongod.exe,1.0725092934628822,0.2
2024-02-11 18:52:24.515799,43124,python3.10.exe,0.13650570773045387,0.2
2024-02-11 18:52:24.515799,46356,python3.10.exe,0.22328700269054366,0.2
2024-02-11 18:52:24.515799,47620,Unity.exe,2.7793159384163895,0.0
2024-02-11 18:52:44.593288,7480,mosquitto.exe,0.0470366066746687,0.0
2024-02-11 18:52:44.593288,17468,Unity.exe,2.63641424766192,0.1
2024-02-11 18:52:44.593288,29212,Unity.exe,6.573527548892562,86.1
2024-02-11 18:52:44.593288,29404,python3.10.exe,0.19190437781395256,0.1
2024-02-11 18:52:44.593288,39408,mongod.exe,1.0725092934628822,0.2
2024-02-11 18:52:44.593288,43124,python3.10.exe,0.1365305948239325,0.2
2024-02-11 18:52:44.593288,46356,python3.10.exe,0.22343632525141563,0.1
2024-02-11 18:52:44.593288,47620,Unity.exe,2.7793159384163895,0.1
2024-02-11 18:53:04.685306,7480,mosquitto.exe,0.0470366066746687,0.0
2024-02-11 18:53:04.685306,17468,Unity.exe,2.639624682720667,0.0
2024-02-11 18:53:04.685306,29212,Unity.exe,6.76774642640003,74.4
2024-02-11 18:53:04.685306,29404,python3.10.exe,0.19190437781395256,0.0
2024-02-11 18:53:04.685306,39408,mongod.exe,1.0726337289302756,0.2
2024-02-11 18:53:04.685306,43124,python3.10.exe,0.13650570773045387,0.2
2024-02-11 18:53:04.685306,46356,python3.10.exe,0.223187454316629,0.2
2024-02-11 18:53:04.685306,47620,Unity.exe,2.782501486381658,0.2
2024-02-11 18:53:24.768855,7480,mosquitto.exe,0.0470366066746687,0.0
2024-02-11 18:53:24.768855,17468,Unity.exe,2.639624682720667,0.1
2024-02-11 18:53:24.768855,29212,Unity.exe,6.767796200586987,86.5
2024-02-11 18:53:24.768855,29404,python3.10.exe,0.19190437781395256,0.0
2024-02-11 18:53:24.768855,39408,mongod.exe,1.0726337289302756,0.2
2024-02-11 18:53:24.768855,43124,python3.10.exe,0.1365305948239325,0.2
2024-02-11 18:53:24.768855,46356,python3.10.exe,0.223187454316629,0.2
2024-02-11 18:53:24.768855,47620,Unity.exe,2.782501486381658,0.1
2024-02-11 18:53:44.850251,7480,mosquitto.exe,0.0470366066746687,0.0
2024-02-11 18:53:44.850251,17468,Unity.exe,2.639624682720667,0.0
2024-02-11 18:53:44.850251,29212,Unity.exe,6.767845974773944,84.6
2024-02-11 18:53:44.850251,29404,python3.10.exe,0.1918048294400379,0.0
2024-02-11 18:53:44.850251,39408,mongod.exe,1.0726337289302756,0.1
2024-02-11 18:53:44.850251,43124,python3.10.exe,0.13655548191741118,0.3
2024-02-11 18:53:44.850251,46356,python3.10.exe,0.22331188978402233,0.1
2024-02-11 18:53:44.850251,47620,Unity.exe,2.782501486381658,0.1
2024-02-11 18:54:04.931391,7480,mosquitto.exe,0.0470366066746687,0.2
2024-02-11 18:54:04.931391,17468,Unity.exe,2.6395251343467523,0.0
2024-02-11 18:54:04.931391,29212,Unity.exe,6.768020184428295,84.1
2024-02-11 18:54:04.931391,29404,python3.10.exe,0.1918048294400379,0.0
2024-02-11 18:54:04.931391,39408,mongod.exe,1.0727332773041902,0.1
2024-02-11 18:54:04.931391,43124,python3.10.exe,0.13655548191741118,0.1
2024-02-11 18:54:04.931391,46356,python3.10.exe,0.22331188978402233,0.0
2024-02-11 18:54:04.931391,47620,Unity.exe,2.782501486381658,0.0
2024-02-11 18:54:25.014736,7480,mosquitto.exe,0.0470366066746687,0.2
2024-02-11 18:54:25.014736,17468,Unity.exe,2.6395251343467523,0.1
2024-02-11 18:54:25.014736,29212,Unity.exe,6.76809484570873,86.5
2024-02-11 18:54:25.014736,29404,python3.10.exe,0.1918048294400379,0.0
2024-02-11 18:54:25.014736,39408,mongod.exe,1.0727332773041902,0.2
2024-02-11 18:54:25.014736,43124,python3.10.exe,0.13663014319784716,0.2
2024-02-11 18:54:25.014736,46356,python3.10.exe,0.2232123414101077,0.2
2024-02-11 18:54:25.014736,47620,Unity.exe,2.782501486381658,0.0
2024-02-11 18:54:45.109670,7480,mosquitto.exe,0.0470366066746687,0.0
2024-02-11 18:54:45.109670,17468,Unity.exe,2.6395251343467523,0.0
2024-02-11 18:54:45.109670,29212,Unity.exe,6.768194394082645,81.3
2024-02-11 18:54:45.109670,29404,python3.10.exe,0.1918048294400379,0.0
2024-02-11 18:54:45.109670,39408,mongod.exe,1.0727332773041902,0.3
2024-02-11 18:54:45.110688,43124,python3.10.exe,0.13665503029132584,0.2
2024-02-11 18:54:45.110688,46356,python3.10.exe,0.2232123414101077,0.1
2024-02-11 18:54:45.110688,47620,Unity.exe,2.782501486381658,0.3
2024-02-11 18:55:05.191275,7480,mosquitto.exe,0.0470366066746687,0.0
2024-02-11 18:55:05.191275,17468,Unity.exe,2.639500247253274,0.1
2024-02-11 18:55:05.191275,29212,Unity.exe,6.76809484570873,76.0
2024-02-11 18:55:05.191275,29404,python3.10.exe,0.1918048294400379,0.0
2024-02-11 18:55:05.191275,39408,mongod.exe,1.0727332773041902,0.2
2024-02-11 18:55:05.191275,43124,python3.10.exe,0.13658036901088985,0.0
2024-02-11 18:55:05.191275,46356,python3.10.exe,0.2232123414101077,0.2
2024-02-11 18:55:05.191275,47620,Unity.exe,2.782501486381658,0.2
2024-02-11 18:55:25.283590,7480,mosquitto.exe,0.0470366066746687,0.0
2024-02-11 18:55:25.283590,17468,Unity.exe,2.639500247253274,0.1
2024-02-11 18:55:25.283590,29212,Unity.exe,6.76809484570873,82.5
2024-02-11 18:55:25.283590,29404,python3.10.exe,0.1918048294400379,0.0
2024-02-11 18:55:25.283590,39408,mongod.exe,1.072758164397669,0.1
2024-02-11 18:55:25.283590,43124,python3.10.exe,0.13665503029132584,0.2
2024-02-11 18:55:25.283590,46356,python3.10.exe,0.22333677687750098,0.0
2024-02-11 18:55:25.284330,47620,Unity.exe,2.782501486381658,0.2
2024-02-11 18:55:45.365383,7480,mosquitto.exe,0.0470366066746687,0.1
2024-02-11 18:55:45.365383,17468,Unity.exe,2.639500247253274,0.2
2024-02-11 18:55:45.365383,29212,Unity.exe,6.774465941639268,85.3
2024-02-11 18:55:45.365383,29404,python3.10.exe,0.1918048294400379,0.1
2024-02-11 18:55:45.365383,39408,mongod.exe,1.0726586160237541,0.1
2024-02-11 18:55:45.365383,43124,python3.10.exe,0.13650570773045387,0.2
2024-02-11 18:55:45.365383,46356,python3.10.exe,0.2232123414101077,0.1
2024-02-11 18:55:45.365383,47620,Unity.exe,2.782501486381658,0.0
2024-02-11 18:56:05.446000,7480,mosquitto.exe,0.0470366066746687,0.0
2024-02-11 18:56:05.446000,17468,Unity.exe,2.639500247253274,0.1
2024-02-11 18:56:05.447038,29212,Unity.exe,6.774465941639268,83.3
2024-02-11 18:56:05.447038,29404,python3.10.exe,0.1918048294400379,0.0
2024-02-11 18:56:05.447038,39408,mongod.exe,1.0726835031172328,0.4
2024-02-11 18:56:05.447038,43124,python3.10.exe,0.1366052561043685,0.0
2024-02-11 18:56:05.447038,46356,python3.10.exe,0.22333677687750098,0.2
2024-02-11 18:56:05.447038,47620,Unity.exe,2.782501486381658,0.1
2024-02-11 18:56:25.519994,7480,mosquitto.exe,0.0470366066746687,0.0
2024-02-11 18:56:25.519994,17468,Unity.exe,2.639500247253274,0.1
2024-02-11 18:56:25.519994,29212,Unity.exe,6.774465941639268,84.2
2024-02-11 18:56:25.519994,29404,python3.10.exe,0.1918048294400379,0.0
2024-02-11 18:56:25.519994,39408,mongod.exe,1.0726835031172328,0.1
2024-02-11 18:56:25.519994,43124,python3.10.exe,0.1364808206369752,0.0
2024-02-11 18:56:25.519994,46356,python3.10.exe,0.22333677687750098,0.1
2024-02-11 18:56:25.519994,47620,Unity.exe,2.7827752444099234,0.2
2024-02-11 18:56:45.600273,7480,mosquitto.exe,0.0470366066746687,0.0
2024-02-11 18:56:45.600273,17468,Unity.exe,2.639500247253274,0.1
2024-02-11 18:56:45.600273,29212,Unity.exe,6.774490828732747,87.4
2024-02-11 18:56:45.600273,29404,python3.10.exe,0.1918048294400379,0.0
2024-02-11 18:56:45.600273,39408,mongod.exe,1.0726835031172328,0.2
2024-02-11 18:56:45.600273,43124,python3.10.exe,0.13650570773045387,0.2
2024-02-11 18:56:45.600273,46356,python3.10.exe,0.22331188978402233,0.1
2024-02-11 18:56:45.601491,47620,Unity.exe,2.7827752444099234,0.0
2024-02-11 18:57:05.701071,7480,mosquitto.exe,0.0470366066746687,0.0
2024-02-11 18:57:05.701604,17468,Unity.exe,2.639500247253274,0.0
2024-02-11 18:57:05.701604,29212,Unity.exe,6.792981939187391,84.1
2024-02-11 18:57:05.701604,29404,python3.10.exe,0.19190437781395256,0.0
2024-02-11 18:57:05.701604,39408,mongod.exe,1.0726835031172328,0.2
2024-02-11 18:57:05.701604,43124,python3.10.exe,0.1364808206369752,0.2
2024-02-11 18:57:05.701604,46356,python3.10.exe,0.22331188978402233,0.2
2024-02-11 18:57:05.701604,47620,Unity.exe,2.7827752444099234,0.0
2024-02-11 18:57:25.794929,7480,mosquitto.exe,0.0470366066746687,0.0
2024-02-11 18:57:25.794929,17468,Unity.exe,2.639500247253274,0.0
2024-02-11 18:57:25.794929,29212,Unity.exe,6.793031713374349,85.8
2024-02-11 18:57:25.796421,29404,python3.10.exe,0.19190437781395256,0.0
2024-02-11 18:57:25.796421,39408,mongod.exe,1.0726835031172328,0.3
2024-02-11 18:57:25.796421,43124,python3.10.exe,0.13650570773045387,0.2
2024-02-11 18:57:25.796421,46356,python3.10.exe,0.2234612123448943,0.3
2024-02-11 18:57:25.796421,47620,Unity.exe,2.7827752444099234,0.0
2024-02-11 18:57:45.888060,7480,mosquitto.exe,0.0470366066746687,0.0
2024-02-11 18:57:45.888060,17468,Unity.exe,2.6395251343467523,0.0
2024-02-11 18:57:45.888060,29212,Unity.exe,6.796242148433096,85.5
2024-02-11 18:57:45.888060,29404,python3.10.exe,0.19190437781395256,0.0
2024-02-11 18:57:45.888060,39408,mongod.exe,1.0726835031172328,0.3
2024-02-11 18:57:45.888060,43124,python3.10.exe,0.13645593354349653,0.2
2024-02-11 18:57:45.888060,46356,python3.10.exe,0.22331188978402233,0.2
2024-02-11 18:57:45.888060,47620,Unity.exe,2.7827752444099234,0.1
2024-02-11 18:58:05.968784,7480,mosquitto.exe,0.0470366066746687,0.0
2024-02-11 18:58:05.968784,17468,Unity.exe,2.6395251343467523,0.2
2024-02-11 18:58:05.968784,29212,Unity.exe,6.796242148433096,82.3
2024-02-11 18:58:05.968784,29404,python3.10.exe,0.19190437781395256,0.1
2024-02-11 18:58:05.968784,39408,mongod.exe,1.0727830514911476,0.2
2024-02-11 18:58:05.968784,43124,python3.10.exe,0.13645593354349653,0.2
2024-02-11 18:58:05.968784,46356,python3.10.exe,0.2234612123448943,0.1
2024-02-11 18:58:05.968784,47620,Unity.exe,2.7827752444099234,0.0
2024-02-11 18:58:26.071419,7480,mosquitto.exe,0.0470366066746687,0.0
2024-02-11 18:58:26.071419,17468,Unity.exe,2.6397491181880604,0.2
2024-02-11 18:58:26.071419,29212,Unity.exe,6.797834922415731,82.9
2024-02-11 18:58:26.071419,29404,python3.10.exe,0.19190437781395256,0.0
2024-02-11 18:58:26.071419,39408,mongod.exe,1.0727830514911476,0.5
2024-02-11 18:58:26.071419,43124,python3.10.exe,0.1364808206369752,0.0
2024-02-11 18:58:26.071419,46356,python3.10.exe,0.22331188978402233,0.2
2024-02-11 18:58:26.071419,47620,Unity.exe,2.7827752444099234,0.1
2024-02-11 18:58:46.168501,7480,mosquitto.exe,0.0470366066746687,0.1
2024-02-11 18:58:46.168501,17468,Unity.exe,2.6397988923750177,0.2
2024-02-11 18:58:46.168501,29212,Unity.exe,6.826604402477063,77.2
2024-02-11 18:58:46.168501,29404,python3.10.exe,0.19190437781395256,0.0
2024-02-11 18:58:46.168501,39408,mongod.exe,1.0727830514911476,0.5
2024-02-11 18:58:46.168501,43124,python3.10.exe,0.1364808206369752,0.2
2024-02-11 18:58:46.169520,46356,python3.10.exe,0.22336166397097967,0.1
2024-02-11 18:58:46.169520,47620,Unity.exe,2.7830738895316673,0.0
2024-02-11 18:59:06.255774,7480,mosquitto.exe,0.0470366066746687,0.2
2024-02-11 18:59:06.255774,17468,Unity.exe,2.6413916663576518,0.0
2024-02-11 18:59:06.255774,29212,Unity.exe,6.887602668593259,97.4
2024-02-11 18:59:06.255774,29404,python3.10.exe,0.19190437781395256,0.0
2024-02-11 18:59:06.255774,39408,mongod.exe,1.0728825998650622,0.0
2024-02-11 18:59:06.255774,43124,python3.10.exe,0.1365305948239325,0.2
2024-02-11 18:59:06.255774,46356,python3.10.exe,0.22333677687750098,0.2
2024-02-11 18:59:06.255774,47620,Unity.exe,2.7830738895316673,0.0
2024-02-11 18:59:26.344987,7480,mosquitto.exe,0.0470366066746687,0.1
2024-02-11 18:59:26.345989,17468,Unity.exe,2.6413916663576518,0.0
2024-02-11 18:59:26.345989,29212,Unity.exe,6.80843682423764,110.3
2024-02-11 18:59:26.345989,29404,python3.10.exe,0.1918048294400379,0.1
2024-02-11 18:59:26.345989,39408,mongod.exe,1.0728825998650622,0.2
2024-02-11 18:59:26.345989,43124,python3.10.exe,0.13663014319784716,0.2
2024-02-11 18:59:26.345989,46356,python3.10.exe,0.22333677687750098,0.1
2024-02-11 18:59:26.345989,47620,Unity.exe,2.7830738895316673,0.1
2024-02-11 18:59:46.439828,7480,mosquitto.exe,0.0470366066746687,0.0
2024-02-11 18:59:46.439828,17468,Unity.exe,2.6413916663576518,0.1
2024-02-11 18:59:46.439828,29212,Unity.exe,6.81085087230507,96.6
2024-02-11 18:59:46.439828,29404,python3.10.exe,0.1918048294400379,0.0
2024-02-11 18:59:46.439828,39408,mongod.exe,1.0728825998650622,0.1
2024-02-11 18:59:46.439828,43124,python3.10.exe,0.13663014319784716,0.2
2024-02-11 18:59:46.439828,46356,python3.10.exe,0.22323722850358638,0.1
2024-02-11 18:59:46.439828,47620,Unity.exe,2.7830738895316673,0.0
2024-02-11 19:00:06.518329,7480,mosquitto.exe,0.0470366066746687,0.1
2024-02-11 19:00:06.518329,17468,Unity.exe,2.6413916663576518,0.0
2024-02-11 19:00:06.518329,29212,Unity.exe,6.606876254153966,95.1
2024-02-11 19:00:06.518329,29404,python3.10.exe,0.1918048294400379,0.0
2024-02-11 19:00:06.518329,39408,mongod.exe,1.0728825998650622,0.1
2024-02-11 19:00:06.518329,43124,python3.10.exe,0.13670480447828315,0.2
2024-02-11 19:00:06.518329,46356,python3.10.exe,0.22313768012967172,0.1
2024-02-11 19:00:06.518329,47620,Unity.exe,2.7830738895316673,0.1
2024-02-11 19:00:26.603747,7480,mosquitto.exe,0.0470366066746687,0.0
2024-02-11 19:00:26.603747,17468,Unity.exe,2.6413916663576518,0.0
2024-02-11 19:00:26.603747,29212,Unity.exe,6.606876254153966,104.7
2024-02-11 19:00:26.603747,29404,python3.10.exe,0.1918048294400379,0.0
2024-02-11 19:00:26.603747,39408,mongod.exe,1.0727830514911476,0.2
2024-02-11 19:00:26.603747,43124,python3.10.exe,0.13667991738480448,0.1
2024-02-11 19:00:26.603747,46356,python3.10.exe,0.22326211559706502,0.2
2024-02-11 19:00:26.604772,47620,Unity.exe,2.783098776625146,0.0
2024-02-11 19:00:46.677066,7480,mosquitto.exe,0.0470366066746687,0.1
2024-02-11 19:00:46.677066,17468,Unity.exe,2.6410930212359083,0.0
2024-02-11 19:00:46.677066,29212,Unity.exe,6.606776705780053,105.6
2024-02-11 19:00:46.677066,29404,python3.10.exe,0.1918048294400379,0.0
2024-02-11 19:00:46.677066,39408,mongod.exe,1.0727830514911476,0.2
2024-02-11 19:00:46.677066,43124,python3.10.exe,0.13667991738480448,0.0
2024-02-11 19:00:46.677066,46356,python3.10.exe,0.22326211559706502,0.1
2024-02-11 19:00:46.677066,47620,Unity.exe,2.7829743411577526,0.0
2024-02-11 19:01:06.758560,7480,mosquitto.exe,0.0470366066746687,0.0
2024-02-11 19:01:06.758560,17468,Unity.exe,2.6410930212359083,0.0
2024-02-11 19:01:06.758560,29212,Unity.exe,6.606776705780053,107.9
2024-02-11 19:01:06.758560,29404,python3.10.exe,0.1918048294400379,0.0
2024-02-11 19:01:06.758560,39408,mongod.exe,1.0727830514911476,0.3
2024-02-11 19:01:06.758560,43124,python3.10.exe,0.13665503029132584,0.2
2024-02-11 19:01:06.758560,46356,python3.10.exe,0.22326211559706502,0.1
2024-02-11 19:01:06.758560,47620,Unity.exe,2.7829992282512315,0.0
2024-02-11 19:01:26.845973,7480,mosquitto.exe,0.0470366066746687,0.0
2024-02-11 19:01:26.845973,17468,Unity.exe,2.6410930212359083,0.1
2024-02-11 19:01:26.845973,29212,Unity.exe,6.606776705780053,106.8
2024-02-11 19:01:26.845973,29404,python3.10.exe,0.1918048294400379,0.0
2024-02-11 19:01:26.845973,39408,mongod.exe,1.0727830514911476,0.1
2024-02-11 19:01:26.845973,43124,python3.10.exe,0.13650570773045387,0.2
2024-02-11 19:01:26.845973,46356,python3.10.exe,0.22326211559706502,0.1
2024-02-11 19:01:26.845973,47620,Unity.exe,2.7829992282512315,0.0
2024-02-11 19:01:46.917409,7480,mosquitto.exe,0.0470366066746687,0.0
2024-02-11 19:01:46.917409,17468,Unity.exe,2.6454482625946736,0.0
2024-02-11 19:01:46.917409,29212,Unity.exe,6.60700068962136,107.0
2024-02-11 19:01:46.917409,29404,python3.10.exe,0.1918048294400379,0.0
2024-02-11 19:01:46.917409,39408,mongod.exe,1.0727830514911476,0.3
2024-02-11 19:01:46.917409,43124,python3.10.exe,0.13645593354349653,0.0
2024-02-11 19:01:46.917409,46356,python3.10.exe,0.22313768012967172,0.5
2024-02-11 19:01:46.917409,47620,Unity.exe,2.7863589858708506,0.0
2024-02-11 19:02:06.995226,7480,mosquitto.exe,0.0470366066746687,0.0
2024-02-11 19:02:06.995226,17468,Unity.exe,2.645199391659887,0.2
2024-02-11 19:02:06.995226,29212,Unity.exe,6.607199786369189,103.4
2024-02-11 19:02:06.995226,29404,python3.10.exe,0.1918048294400379,0.0
2024-02-11 19:02:06.995226,39408,mongod.exe,1.0727830514911476,0.4
2024-02-11 19:02:06.995226,43124,python3.10.exe,0.1364808206369752,0.1
2024-02-11 19:02:06.995226,46356,python3.10.exe,0.22326211559706502,0.0
2024-02-11 19:02:06.995226,47620,Unity.exe,2.7861101149360636,0.0
2024-02-11 19:02:27.063613,7480,mosquitto.exe,0.0470366066746687,0.0
2024-02-11 19:02:27.063613,17468,Unity.exe,2.6449505207251,0.0
2024-02-11 19:02:27.064656,29212,Unity.exe,6.607199786369189,105.8
2024-02-11 19:02:27.064656,29404,python3.10.exe,0.1918048294400379,0.0
2024-02-11 19:02:27.064656,39408,mongod.exe,1.0727830514911476,0.1
2024-02-11 19:02:27.064656,43124,python3.10.exe,0.1364061593565392,0.0
2024-02-11 19:02:27.064656,46356,python3.10.exe,0.22328700269054366,0.0
2024-02-11 19:02:27.064656,47620,Unity.exe,2.785861244001277,0.0
2024-02-11 19:02:47.146037,7480,mosquitto.exe,0.0470366066746687,0.0
2024-02-11 19:02:47.147037,17468,Unity.exe,2.644875859444664,0.0
2024-02-11 19:02:47.147037,29212,Unity.exe,6.607100237995275,106.7
2024-02-11 19:02:47.147037,29404,python3.10.exe,0.19190437781395256,0.0
2024-02-11 19:02:47.147037,39408,mongod.exe,1.0727830514911476,0.0
2024-02-11 19:02:47.147037,43124,python3.10.exe,0.13643104645001788,0.1
2024-02-11 19:02:47.147037,46356,python3.10.exe,0.22328700269054366,0.2
2024-02-11 19:02:47.147037,47620,Unity.exe,2.7857865827208412,0.0
2024-02-11 19:03:07.219755,7480,mosquitto.exe,0.0470366066746687,0.0
2024-02-11 19:03:07.219755,17468,Unity.exe,2.644875859444664,0.0
2024-02-11 19:03:07.219755,29212,Unity.exe,6.301337407516449,110.8
2024-02-11 19:03:07.219755,29404,python3.10.exe,0.19190437781395256,0.0
2024-02-11 19:03:07.219755,39408,mongod.exe,1.0728825998650622,0.1
2024-02-11 19:03:07.219755,43124,python3.10.exe,0.13645593354349653,0.1
2024-02-11 19:03:07.219755,46356,python3.10.exe,0.22338655106445832,0.0
2024-02-11 19:03:07.219755,47620,Unity.exe,2.7857865827208412,0.0
2024-02-11 19:03:27.299617,7480,mosquitto.exe,0.0470366066746687,0.0
2024-02-11 19:03:27.299617,17468,Unity.exe,2.644875859444664,0.1
2024-02-11 19:03:27.299617,29212,Unity.exe,6.301337407516449,104.4
2024-02-11 19:03:27.299617,29404,python3.10.exe,0.19190437781395256,0.0
2024-02-11 19:03:27.299617,39408,mongod.exe,1.0728825998650622,0.4
2024-02-11 19:03:27.299617,43124,python3.10.exe,0.1364808206369752,0.1
2024-02-11 19:03:27.299617,46356,python3.10.exe,0.22323722850358638,0.2
2024-02-11 19:03:27.299617,47620,Unity.exe,2.7857865827208412,0.0
2024-02-11 19:03:47.366811,7480,mosquitto.exe,0.0470366066746687,0.0
2024-02-11 19:03:47.366811,17468,Unity.exe,2.644875859444664,0.1
2024-02-11 19:03:47.366811,29212,Unity.exe,6.301337407516449,98.6
2024-02-11 19:03:47.366811,29404,python3.10.exe,0.19190437781395256,0.0
2024-02-11 19:03:47.366811,39408,mongod.exe,1.0728825998650622,0.2
2024-02-11 19:03:47.366811,43124,python3.10.exe,0.13655548191741118,0.0
2024-02-11 19:03:47.366811,46356,python3.10.exe,0.22323722850358638,0.2
2024-02-11 19:03:47.366811,47620,Unity.exe,2.7857865827208412,0.0
2024-02-11 19:04:07.431771,7480,mosquitto.exe,0.0470366066746687,0.0
2024-02-11 19:04:07.431771,17468,Unity.exe,2.644875859444664,0.0
2024-02-11 19:04:07.431771,29212,Unity.exe,6.301461842983843,101.7
2024-02-11 19:04:07.431771,29404,python3.10.exe,0.19190437781395256,0.0
2024-02-11 19:04:07.431771,39408,mongod.exe,1.0729821482389768,0.2
2024-02-11 19:04:07.431771,43124,python3.10.exe,0.13650570773045387,0.2
2024-02-11 19:04:07.431771,46356,python3.10.exe,0.22313768012967172,0.2
2024-02-11 19:04:07.431771,47620,Unity.exe,2.7857616956273623,0.0
2024-02-11 19:04:27.504803,7480,mosquitto.exe,0.0470366066746687,0.0
2024-02-11 19:04:27.504803,17468,Unity.exe,2.644875859444664,0.0
2024-02-11 19:04:27.504803,29212,Unity.exe,6.322093243477653,98.4
2024-02-11 19:04:27.504803,29404,python3.10.exe,0.19190437781395256,0.0
2024-02-11 19:04:27.504803,39408,mongod.exe,1.0729821482389768,0.3
2024-02-11 19:04:27.504803,43124,python3.10.exe,0.13667991738480448,0.2
2024-02-11 19:04:27.504803,46356,python3.10.exe,0.22326211559706502,0.1
2024-02-11 19:04:27.504803,47620,Unity.exe,2.7857616956273623,0.0
2024-02-11 19:04:47.576288,7480,mosquitto.exe,0.0470366066746687,0.0
2024-02-11 19:04:47.576288,17468,Unity.exe,2.644875859444664,0.1
2024-02-11 19:04:47.576288,29212,Unity.exe,6.128173011091929,102.4
2024-02-11 19:04:47.576288,29404,python3.10.exe,0.1918048294400379,0.0
2024-02-11 19:04:47.576288,39408,mongod.exe,1.0729821482389768,0.2
2024-02-11 19:04:47.576288,43124,python3.10.exe,0.13665503029132584,0.0
2024-02-11 19:04:47.576288,46356,python3.10.exe,0.22326211559706502,0.2
2024-02-11 19:04:47.576288,47620,Unity.exe,2.7857616956273623,0.0
2024-02-11 19:05:07.637643,7480,mosquitto.exe,0.0470366066746687,0.0
2024-02-11 19:05:07.637643,17468,Unity.exe,2.644875859444664,0.0
2024-02-11 19:05:07.637643,29212,Unity.exe,6.128546317494108,100.5
2024-02-11 19:05:07.637643,29404,python3.10.exe,0.1918048294400379,0.0
2024-02-11 19:05:07.637643,39408,mongod.exe,1.0729821482389768,0.3
2024-02-11 19:05:07.637643,43124,python3.10.exe,0.13665503029132584,0.1
2024-02-11 19:05:07.637643,46356,python3.10.exe,0.223187454316629,0.1
2024-02-11 19:05:07.637643,47620,Unity.exe,2.7857616956273623,0.0
2024-02-11 19:05:27.703432,7480,mosquitto.exe,0.0470366066746687,0.0
2024-02-11 19:05:27.703432,17468,Unity.exe,2.644875859444664,0.0
2024-02-11 19:05:27.703432,29212,Unity.exe,6.126978430604953,102.0
2024-02-11 19:05:27.703432,29404,python3.10.exe,0.1918048294400379,0.0
2024-02-11 19:05:27.703432,39408,mongod.exe,1.0729821482389768,0.1
2024-02-11 19:05:27.703432,43124,python3.10.exe,0.13670480447828315,0.1
2024-02-11 19:05:27.703432,46356,python3.10.exe,0.223187454316629,0.2
2024-02-11 19:05:27.703432,47620,Unity.exe,2.7857616956273623,0.0
2024-02-11 19:05:47.763805,7480,mosquitto.exe,0.0470366066746687,0.0
2024-02-11 19:05:47.763805,17468,Unity.exe,2.644875859444664,0.0
2024-02-11 19:05:47.763805,29212,Unity.exe,6.157589555583706,104.1
2024-02-11 19:05:47.763805,29404,python3.10.exe,0.1918048294400379,0.0
2024-02-11 19:05:47.763805,39408,mongod.exe,1.0728825998650622,0.0
2024-02-11 19:05:47.763805,43124,python3.10.exe,0.13663014319784716,0.1
2024-02-11 19:05:47.763805,46356,python3.10.exe,0.223187454316629,0.1
2024-02-11 19:05:47.763805,47620,Unity.exe,2.7857616956273623,0.0
2024-02-11 19:06:07.845333,7480,mosquitto.exe,0.0470366066746687,0.0
2024-02-11 19:06:07.845333,17468,Unity.exe,2.644875859444664,0.0
2024-02-11 19:06:07.845333,29212,Unity.exe,6.080340017425943,104.6
2024-02-11 19:06:07.845333,29404,python3.10.exe,0.1918048294400379,0.0
2024-02-11 19:06:07.845333,39408,mongod.exe,1.0728825998650622,0.0
2024-02-11 19:06:07.845333,43124,python3.10.exe,0.13658036901088985,0.1
2024-02-11 19:06:07.845333,46356,python3.10.exe,0.223187454316629,0.2
2024-02-11 19:06:07.846350,47620,Unity.exe,2.7857616956273623,0.0
2024-02-11 19:06:27.921971,7480,mosquitto.exe,0.0470366066746687,0.0
2024-02-11 19:06:27.921971,17468,Unity.exe,2.644875859444664,0.0
2024-02-11 19:06:27.921971,29212,Unity.exe,5.869645884035601,105.4
2024-02-11 19:06:27.921971,29404,python3.10.exe,0.1918048294400379,0.0
2024-02-11 19:06:27.921971,39408,mongod.exe,1.0728825998650622,0.1
2024-02-11 19:06:27.921971,43124,python3.10.exe,0.13663014319784716,0.1
2024-02-11 19:06:27.921971,46356,python3.10.exe,0.22331188978402233,0.1
2024-02-11 19:06:27.921971,47620,Unity.exe,2.7857616956273623,0.0
2024-02-11 19:06:48.001282,7480,mosquitto.exe,0.0470366066746687,0.0
2024-02-11 19:06:48.001282,17468,Unity.exe,2.644875859444664,0.0
2024-02-11 19:06:48.001282,29212,Unity.exe,5.946099035202048,101.7
2024-02-11 19:06:48.001282,29404,python3.10.exe,0.1918048294400379,0.0
2024-02-11 19:06:48.001282,39408,mongod.exe,1.0728825998650622,0.2
2024-02-11 19:06:48.001282,43124,python3.10.exe,0.13658036901088985,0.2
2024-02-11 19:06:48.001282,46356,python3.10.exe,0.223187454316629,0.2
2024-02-11 19:06:48.001282,47620,Unity.exe,2.7857616956273623,0.0
2024-02-11 19:07:08.076699,7480,mosquitto.exe,0.0470366066746687,0.0
2024-02-11 19:07:08.076699,17468,Unity.exe,2.644875859444664,0.1
2024-02-11 19:07:08.076699,29212,Unity.exe,5.843713532630837,91.7
2024-02-11 19:07:08.076699,29404,python3.10.exe,0.1918048294400379,0.0
2024-02-11 19:07:08.076699,39408,mongod.exe,1.0728825998650622,0.2
2024-02-11 19:07:08.076699,43124,python3.10.exe,0.13658036901088985,0.2
2024-02-11 19:07:08.076699,46356,python3.10.exe,0.22331188978402233,0.0
2024-02-11 19:07:08.076699,47620,Unity.exe,2.7857616956273623,0.0
2024-02-11 19:07:28.135994,7480,mosquitto.exe,0.0470366066746687,0.0
2024-02-11 19:07:28.136992,17468,Unity.exe,2.644875859444664,0.0
2024-02-11 19:07:28.136992,29212,Unity.exe,5.8436637584438795,85.3
2024-02-11 19:07:28.136992,29404,python3.10.exe,0.1918048294400379,0.0
2024-02-11 19:07:28.136992,39408,mongod.exe,1.0728825998650622,0.0
2024-02-11 19:07:28.136992,43124,python3.10.exe,0.1364808206369752,0.1
2024-02-11 19:07:28.136992,46356,python3.10.exe,0.223187454316629,0.2
2024-02-11 19:07:28.136992,47620,Unity.exe,2.7857616956273623,0.0
2024-02-11 19:07:48.243324,7480,mosquitto.exe,0.0470366066746687,0.0
2024-02-11 19:07:48.243324,17468,Unity.exe,2.644875859444664,0.0
2024-02-11 19:07:48.244297,29212,Unity.exe,5.843738419724316,82.8
2024-02-11 19:07:48.244297,29404,python3.10.exe,0.1918048294400379,0.0
2024-02-11 19:07:48.244297,39408,mongod.exe,1.07347989010855,0.0
2024-02-11 19:07:48.244297,43124,python3.10.exe,0.1364061593565392,0.2
2024-02-11 19:07:48.244297,46356,python3.10.exe,0.22500421214057126,0.3
2024-02-11 19:07:48.244297,47620,Unity.exe,2.7857616956273623,0.0
2024-02-11 19:08:08.305187,7480,mosquitto.exe,0.0470366066746687,0.0
2024-02-11 19:08:08.305187,17468,Unity.exe,2.644875859444664,0.0
2024-02-11 19:08:08.305187,29212,Unity.exe,6.049256037671095,73.4
2024-02-11 19:08:08.305187,29404,python3.10.exe,0.1918048294400379,0.0
2024-02-11 19:08:08.305187,39408,mongod.exe,1.0735545513889861,0.3
2024-02-11 19:08:08.305187,43124,python3.10.exe,0.1364808206369752,0.0
2024-02-11 19:08:08.305187,46356,python3.10.exe,0.22465579283187004,0.0
2024-02-11 19:08:08.305187,47620,Unity.exe,2.7857616956273623,0.1
