_id,time_of_day,total_light_intensity,total_energy_consumption,timestamp
65c902e585263126c7ce0b7c,15.981775283813477,0.7976539731025696,18246344704,2024-02-11T18:24:53.183Z
65c902ef85263126c7ce0b84,16.148386001586914,0.9960899353027344,18660161536,2024-02-11T18:25:03.185Z
65c9035785263126c7ce0b8c,0,0,0,2024-02-11T18:26:47.824Z
65c9040885263126c7ce0b94,0,0,0,2024-02-11T18:29:44.536Z
65c9041385263126c7ce0b9c,21.015865325927734,0.10459432750940323,12144.15625,2024-02-11T18:29:55.678Z
65c9041d85263126c7ce0ba0,21.18164825439453,0.06451612710952759,1844998.5,2024-02-11T18:30:05.704Z
65c9042785263126c7ce0ba4,21.348478317260742,0.11827956885099411,6911219.5,2024-02-11T18:30:15.775Z
65c9043185263126c7ce0ba8,21.514925003051758,0.1671554297208786,14682437,2024-02-11T18:30:25.889Z
65c9043b85263126c7ce0bac,21.681692123413086,0.017595307901501656,25871442,2024-02-11T18:30:35.814Z
65c9044585263126c7ce0bb0,21.84718132019043,0.0498533733189106,40265152,2024-02-11T18:30:45.774Z
65c9044f85263126c7ce0bb4,22.014331817626953,0.12414467334747314,57666816,2024-02-11T18:30:55.736Z
65c9045985263126c7ce0bb8,22.180034637451172,0.0830889567732811,77894408,2024-02-11T18:31:05.577Z
65c9046385263126c7ce0bbc,22.347274780273438,0.17888562381267548,102305256,2024-02-11T18:31:15.577Z
65c9046d85263126c7ce0bc4,22.51359748840332,0.14369501173496246,130633912,2024-02-11T18:31:25.635Z
65c9047985263126c7ce0bc8,0,0,0,2024-02-11T18:31:37.317Z
65c9048485263126c7ce0bd0,22.89031410217285,0.10752688348293304,160854.03125,2024-02-11T18:31:48.183Z
65c9048e85263126c7ce0bd4,23.05690574645996,0.0498533733189106,3105587,2024-02-11T18:31:58.177Z
65c9049885263126c7ce0bd8,23.223438262939453,0.17106549441814423,9593915,2024-02-11T18:32:08.189Z
65c904a285263126c7ce0bdc,23.38933563232422,0.13782991468906403,19733242,2024-02-11T18:32:18.210Z
65c904ac85263126c7ce0be0,23.556842803955078,0.07233626395463943,33348104,2024-02-11T18:32:28.212Z
65c904b685263126c7ce0be4,23.72234344482422,0.17693059146404266,50644612,2024-02-11T18:32:38.202Z
65c904c085263126c7ce0be8,23.889118194580078,0.057673510164022446,71377728,2024-02-11T18:32:48.205Z
65c904ca85263126c7ce0bec,0.05448703467845917,0.057673510164022446,95701952,2024-02-11T18:32:58.222Z
65c904d485263126c7ce0bf0,0.22171974182128906,0.12707722187042236,123281688,2024-02-11T18:33:08.211Z
65c904de85263126c7ce0bf8,0.3883015513420105,0.14271749556064606,155049776,2024-02-11T18:33:18.233Z
65c904e885263126c7ce0bfc,0.5549421906471252,0.04007820039987564,189703840,2024-02-11T18:33:28.175Z
65c904f285263126c7ce0c00,0.7216184735298157,0.009775171056389809,229068832,2024-02-11T18:33:38.206Z
65c904fc85263126c7ce0c04,0.886544942855835,0.17595307528972626,270556352,2024-02-11T18:33:48.214Z
65c9050685263126c7ce0c08,1.0541340112686157,0.06158357858657837,317640224,2024-02-11T18:33:58.190Z
65c9051085263126c7ce0c0c,1.2198662757873535,0.17204301059246063,366170592,2024-02-11T18:34:08.245Z
65c9051a85263126c7ce0c10,1.3866088390350342,0.066471166908741,420338432,2024-02-11T18:34:18.192Z
65c9052485263126c7ce0c14,1.5531258583068848,0.10263929516077042,476460608,2024-02-11T18:34:28.177Z
65c9052e85263126c7ce0c18,1.719697117805481,0.008797653950750828,537945472,2024-02-11T18:34:38.208Z
65c9053885263126c7ce0c1c,1.8857041597366333,0.034213099628686905,600853056,2024-02-11T18:34:48.211Z
65c9054285263126c7ce0c24,2.052208185195923,0.0029325513169169426,669626688,2024-02-11T18:34:58.303Z
65c9054c85263126c7ce0c28,2.2189934253692627,0.1515151560306549,739237824,2024-02-11T18:35:08.190Z
65c9055685263126c7ce0c2c,2.385709285736084,0.16031280159950256,812278400,2024-02-11T18:35:18.209Z
65c9056085263126c7ce0c30,2.551952362060547,0.1006842628121376,879500096,2024-02-11T18:35:28.184Z
65c9056a85263126c7ce0c34,2.7184813022613525,0.08895405381917953,960855040,2024-02-11T18:35:38.184Z
65c9057485263126c7ce0c38,2.8844380378723145,0.06940371543169022,1045775232,2024-02-11T18:35:48.218Z
65c9057e85263126c7ce0c3c,3.051151752471924,0.0039100684225559235,1135564544,2024-02-11T18:35:58.282Z
65c9058885263126c7ce0c40,3.2170562744140625,0.15933528542518616,1226239360,2024-02-11T18:36:08.210Z
65c9059285263126c7ce0c44,3.383427381515503,0.0498533733189106,1322283264,2024-02-11T18:36:18.232Z
65c9059c85263126c7ce0c48,3.5508692264556885,0.1661779135465622,1417952768,2024-02-11T18:36:28.231Z
65c905a685263126c7ce0c50,3.71714448928833,0.12316715717315674,1516005120,2024-02-11T18:36:38.259Z
65c905b085263126c7ce0c54,3.88327956199646,0.07526881992816925,1619084800,2024-02-11T18:36:48.217Z
65c905ba85263126c7ce0c58,4.0494585037231445,0.17399804294109344,1725053952,2024-02-11T18:36:58.235Z
65c905c485263126c7ce0c5c,4.216415882110596,0.10654936730861664,1840215680,2024-02-11T18:37:08.201Z
65c905ce85263126c7ce0c60,4.382040023803711,0.05474095791578293,1955402752,2024-02-11T18:37:18.207Z
65c905d885263126c7ce0c64,4.548355579376221,0.17497555911540985,2079002240,2024-02-11T18:37:28.236Z
65c905e285263126c7ce0c68,4.715924263000488,0.01173020526766777,2203105536,2024-02-11T18:37:38.215Z
65c905ec85263126c7ce0c6c,4.881775379180908,0.0039100684225559235,2333368320,2024-02-11T18:37:48.225Z
65c905f685263126c7ce0c70,5.047714710235596,0.12218964099884033,2463930880,2024-02-11T18:37:58.201Z
65c9060085263126c7ce0c74,5.215082168579102,0.07135874778032303,2602140416,2024-02-11T18:38:08.241Z
65c9060a85263126c7ce0c7c,5.38173246383667,0.18670576810836792,2738418176,2024-02-11T18:38:18.249Z
65c9061485263126c7ce0c80,5.547555923461914,0.19550342857837677,2880353280,2024-02-11T18:38:28.229Z
65c9061e85263126c7ce0c84,5.71346378326416,0.17008797824382782,3022185984,2024-02-11T18:38:38.191Z
65c9062885263126c7ce0c88,5.87993860244751,0.1818181872367859,3171249408,2024-02-11T18:38:48.217Z
65c9063285263126c7ce0c8c,6.046154499053955,0.8455523252487183,3331694592,2024-02-11T18:38:58.184Z
65c9063c85263126c7ce0c90,6.213411808013916,0.6881720423698425,3536772608,2024-02-11T18:39:08.194Z
65c9064685263126c7ce0c94,6.379534721374512,0.8993157148361206,3744122368,2024-02-11T18:39:18.200Z
65c9065085263126c7ce0c98,6.545853614807129,0.869012713432312,3960209664,2024-02-11T18:39:28.205Z
65c9065a85263126c7ce0c9c,6.712499141693115,0.7399804592132568,4177677312,2024-02-11T18:39:38.212Z
65c9066485263126c7ce0ca0,6.87872314453125,0.7067448496818542,4403185152,2024-02-11T18:39:48.196Z
65c9066e85263126c7ce0ca8,7.045421123504639,0.9276637434959412,4635210240,2024-02-11T18:39:58.258Z
65c9067885263126c7ce0cac,7.211508750915527,0.905180811882019,4869270528,2024-02-11T18:40:08.192Z
65c9068285263126c7ce0cb0,7.377938270568848,0.8768328428268433,5109877760,2024-02-11T18:40:18.174Z
65c9068c85263126c7ce0cb4,7.544879913330078,0.9276637434959412,5353326592,2024-02-11T18:40:28.196Z
65c9069685263126c7ce0cb8,7.71117639541626,0.8924731016159058,5605305344,2024-02-11T18:40:38.186Z
65c906a085263126c7ce0cbc,7.877253532409668,0.8152492642402649,5856215552,2024-02-11T18:40:48.197Z
65c906aa85263126c7ce0cc0,8.043485641479492,0.7302052974700928,6115753984,2024-02-11T18:40:58.229Z
65c906b485263126c7ce0cc4,8.21003246307373,0.667644202709198,6375996416,2024-02-11T18:41:08.200Z
65c906be85263126c7ce0cc8,8.377272605895996,0.9521016478538513,6648066560,2024-02-11T18:41:18.196Z
65c906c885263126c7ce0ccc,8.543212890625,0.7487781047821045,6912524288,2024-02-11T18:41:28.198Z
65c906d285263126c7ce0cd4,8.709599494934082,0.9149560332298279,7170822144,2024-02-11T18:41:38.278Z
65c906dc85263126c7ce0cd8,8.876388549804688,0.733137845993042,7435626496,2024-02-11T18:41:48.184Z
65c906e685263126c7ce0cdc,9.04293441772461,0.9159335494041443,7712392192,2024-02-11T18:41:58.223Z
65c906f085263126c7ce0ce0,9.209097862243652,0.9012707471847534,7992049664,2024-02-11T18:42:08.203Z
65c906fa85263126c7ce0ce4,9.375045776367188,0.733137845993042,8283816960,2024-02-11T18:42:18.215Z
65c9070485263126c7ce0ce8,9.541802406311035,0.7849462628364563,8584269824,2024-02-11T18:42:28.211Z
65c9070e85263126c7ce0cec,9.708558082580566,0.9257087111473083,8893312000,2024-02-11T18:42:38.200Z
65c9071885263126c7ce0cf0,9.874828338623047,0.6471163034439087,9211071488,2024-02-11T18:42:48.193Z
65c9072285263126c7ce0cf4,10.041498184204102,0.960899293422699,9563288576,2024-02-11T18:42:58.165Z
65c9072c85263126c7ce0cf8,10.207849502563477,0.7458455562591553,10018165760,2024-02-11T18:43:08.169Z
65c9073685263126c7ce0d00,10.374651908874512,0.995112419128418,10466192384,2024-02-11T18:43:18.277Z
65c9074085263126c7ce0d04,10.540691375732422,0.825024425983429,10925179904,2024-02-11T18:43:28.180Z
65c9074a85263126c7ce0d08,10.706907272338867,0.8054741024971008,11373206528,2024-02-11T18:43:38.205Z
65c9075485263126c7ce0d0c,10.873982429504395,0.9931573867797852,11837674496,2024-02-11T18:43:48.199Z
65c9075e85263126c7ce0d10,11.039966583251953,0.6617791056632996,12285701120,2024-02-11T18:43:58.173Z
65c9076885263126c7ce0d14,11.20699405670166,0.7888563275337219,12739208192,2024-02-11T18:44:08.206Z
65c9077285263126c7ce0d18,11.373278617858887,0.8426197171211243,13194085376,2024-02-11T18:44:18.202Z
65c9077c85263126c7ce0d1c,11.539468765258789,0.7878788113594055,13644852224,2024-02-11T18:44:28.205Z
65c9078685263126c7ce0d20,11.706439971923828,0.8543499708175659,14103839744,2024-02-11T18:44:38.177Z
65c9079085263126c7ce0d24,11.87288761138916,0.8484848737716675,14554606592,2024-02-11T18:44:48.187Z
65c9079a85263126c7ce0d2c,12.038969993591309,0.6363636255264282,15014964224,2024-02-11T18:44:58.231Z
65c907a485263126c7ce0d30,12.205530166625977,0.9560117125511169,15465731072,2024-02-11T18:45:08.206Z
65c907ae85263126c7ce0d34,12.371377944946289,0.9452590346336365,15924718592,2024-02-11T18:45:18.211Z
65c907b885263126c7ce0d38,12.538252830505371,0.7585532665252686,16372745216,2024-02-11T18:45:28.193Z
65c907c285263126c7ce0d3c,12.704986572265625,0.995112419128418,16826252288,2024-02-11T18:45:38.184Z
65c907cc85263126c7ce0d40,12.871155738830566,0.6842619776725769,17275506688,2024-02-11T18:45:48.179Z
65c907d685263126c7ce0d44,13.0375394821167,0.9824047088623047,17726967808,2024-02-11T18:45:58.195Z
65c907e085263126c7ce0d48,13.204174995422363,0.8318670392036438,18175692800,2024-02-11T18:46:08.191Z
65c907ea85263126c7ce0d4c,13.37079906463623,0.7096773982048035,18625785856,2024-02-11T18:46:18.167Z
65c907f485263126c7ce0d50,13.537371635437012,0.6823069453239441,19075878912,2024-02-11T18:46:28.168Z
65c907fe85263126c7ce0d58,13.703161239624023,0.738025426864624,19520499712,2024-02-11T18:46:38.262Z
65c9080885263126c7ce0d5c,13.870156288146973,0.8514174222946167,19971960832,2024-02-11T18:46:48.191Z
65c9081285263126c7ce0d60,14.03609561920166,0.7800586223602295,20416581632,2024-02-11T18:46:58.204Z
65c9081c85263126c7ce0d64,14.202677726745605,0.7702834606170654,20865306624,2024-02-11T18:47:08.165Z
65c9082685263126c7ce0d68,14.369412422180176,0.7859237790107727,21312663552,2024-02-11T18:47:18.178Z
65c9083085263126c7ce0d6c,14.535633087158203,0.9980449676513672,21762756608,2024-02-11T18:47:28.182Z
65c9083a85263126c7ce0d70,14.702109336853027,0.7908113598823547,22214217728,2024-02-11T18:47:38.167Z
65c9084485263126c7ce0d74,14.868620872497559,0.9130010008811951,22662942720,2024-02-11T18:47:48.209Z
65c9084e85263126c7ce0d78,15.034936904907227,0.829912006855011,23115771904,2024-02-11T18:47:58.180Z
65c9085885263126c7ce0d7c,15.201703071594238,0.8240469098091125,23561760768,2024-02-11T18:48:08.195Z
65c9086285263126c7ce0d84,15.36768913269043,0.9403714537620544,24017326080,2024-02-11T18:48:18.262Z
65c9086c85263126c7ce0d88,15.534651756286621,0.9853372573852539,24463314944,2024-02-11T18:48:28.174Z
65c9087685263126c7ce0d8c,15.700901985168457,0.7057673335075378,24917512192,2024-02-11T18:48:38.200Z
65c9088085263126c7ce0d90,15.867667198181152,0.8054741024971008,25364869120,2024-02-11T18:48:48.189Z
65c9088a85263126c7ce0d94,16.03404998779297,0.8328445553779602,25814962176,2024-02-11T18:48:58.184Z
65c9089485263126c7ce0d98,16.20035743713379,0.7556207180023193,26262319104,2024-02-11T18:49:08.180Z
65c9089e85263126c7ce0d9c,16.366838455200195,0.9618768095970154,26712412160,2024-02-11T18:49:18.196Z
65c908a885263126c7ce0da0,16.53300666809082,0.6920821070671082,27165241344,2024-02-11T18:49:28.197Z
65c908b285263126c7ce0da4,16.69960594177246,0.8494623899459839,27611230208,2024-02-11T18:49:38.168Z
65c908bc85263126c7ce0da8,16.866111755371094,0.9110459685325623,28065427456,2024-02-11T18:49:48.183Z
65c908c685263126c7ce0db0,17.03266143798828,0.9247311949729919,28510048256,2024-02-11T18:49:58.251Z
65c908d085263126c7ce0db4,17.19892120361328,0.7253177165985107,28962877440,2024-02-11T18:50:08.189Z
65c908da85263126c7ce0db8,17.365049362182617,0.7653958797454834,29407498240,2024-02-11T18:50:18.190Z
65c908e485263126c7ce0dbc,17.532392501831055,0.839687168598175,29858959360,2024-02-11T18:50:28.193Z
65c908ee85263126c7ce0dc0,17.69843292236328,0.7751710414886475,30303580160,2024-02-11T18:50:38.179Z
65c908f885263126c7ce0dc4,17.864973068237305,0.8318670392036438,30749569024,2024-02-11T18:50:48.207Z
65c9090285263126c7ce0dc8,18.031190872192383,0.14173997938632965,31172466688,2024-02-11T18:50:58.173Z
65c9090c85263126c7ce0dcc,18.197477340698242,0.13782991468906403,31477929984,2024-02-11T18:51:08.237Z
65c9091685263126c7ce0dd0,18.36448097229004,0.022482894361019135,31791609856,2024-02-11T18:51:18.192Z
65c9092085263126c7ce0dd4,18.530622482299805,0.0997067466378212,32089393152,2024-02-11T18:51:28.204Z
65c9092a85263126c7ce0ddc,18.69757080078125,0.020527860149741173,32408268800,2024-02-11T18:51:38.287Z
65c9093485263126c7ce0de0,18.86322593688965,0.07233626395463943,32726738944,2024-02-11T18:51:48.227Z
65c9093e85263126c7ce0de4,19.030241012573242,0.01075268816202879,33059495936,2024-02-11T18:51:58.171Z
65c9094885263126c7ce0de8,19.196456909179688,0.17204301059246063,33385895936,2024-02-11T18:52:08.202Z
65c9095285263126c7ce0dec,19.362865447998047,0.17204301059246063,33728329728,2024-02-11T18:52:18.199Z
65c9095c85263126c7ce0df0,19.529403686523438,0.07135874778032303,34073292800,2024-02-11T18:52:28.209Z
65c9096685263126c7ce0df4,19.695898056030273,0.15738025307655334,34431385600,2024-02-11T18:52:38.227Z
65c9097085263126c7ce0df8,19.862346649169922,0.027370478957891464,34783363072,2024-02-11T18:52:48.190Z
65c9097a85263126c7ce0dfc,20.028589248657227,0.14662756025791168,35103440896,2024-02-11T18:52:58.211Z
65c9098485263126c7ce0e00,20.195329666137695,0.1857282519340515,35376873472,2024-02-11T18:53:08.241Z
65c9098e85263126c7ce0e08,20.36178970336914,0.11827956885099411,35658092544,2024-02-11T18:53:18.322Z
65c9099885263126c7ce0e0c,20.527647018432617,0.01857282593846321,35947102208,2024-02-11T18:53:28.229Z
65c909a285263126c7ce0e10,20.694177627563477,0.022482894361019135,36237201408,2024-02-11T18:53:38.252Z
65c909ac85263126c7ce0e14,20.861080169677734,0.04789833724498749,36543799296,2024-02-11T18:53:48.206Z
65c909b685263126c7ce0e18,21.027267456054688,0.06158357858657837,36844302336,2024-02-11T18:53:58.220Z
65c909c085263126c7ce0e1c,21.193775177001953,0.0019550342112779617,37161664512,2024-02-11T18:54:08.246Z
65c909ca85263126c7ce0e20,21.35968780517578,0.013685239478945732,37474279424,2024-02-11T18:54:18.213Z
65c909d485263126c7ce0e24,21.526552200317383,0.0332355834543705,37806026752,2024-02-11T18:54:28.207Z
65c909de85263126c7ce0e28,21.692916870117188,0.04789833724498749,38134640640,2024-02-11T18:54:38.204Z
65c909e885263126c7ce0e2c,21.85875701904297,0.07917888462543488,38461231104,2024-02-11T18:54:48.231Z
65c909f285263126c7ce0e34,22.026351928710938,0.07526881992816925,38806036480,2024-02-11T18:54:58.262Z
65c909fc85263126c7ce0e38,22.19229507446289,0.032258063554763794,39146717184,2024-02-11T18:55:08.223Z
65c90a0685263126c7ce0e3c,22.359453201293945,0.11143694818019867,39507988480,2024-02-11T18:55:18.190Z
65c90a1085263126c7ce0e40,22.52481460571289,0.004887585528194904,39860772864,2024-02-11T18:55:28.246Z
65c90a1a85263126c7ce0e44,22.69215202331543,0.16324535012245178,40236691456,2024-02-11T18:55:38.206Z
65c90a2485263126c7ce0e48,22.858421325683594,0.09579667448997498,40603738112,2024-02-11T18:55:48.192Z
65c90a2e85263126c7ce0e4c,23.02398681640625,0.17693059146404266,40987803648,2024-02-11T18:55:58.201Z
65c90a3885263126c7ce0e50,23.191139221191406,0.15542522072792053,41362485248,2024-02-11T18:56:08.193Z
65c90a4285263126c7ce0e54,23.356931686401367,0.09677419066429138,41756663808,2024-02-11T18:56:18.208Z
65c90a4c85263126c7ce0e58,23.523435592651367,0.03714565187692642,42152570880,2024-02-11T18:56:28.255Z
65c90a5685263126c7ce0e60,23.69039535522461,0.025415444746613503,42559127552,2024-02-11T18:56:38.273Z
65c90a6085263126c7ce0e64,23.85655975341797,0.16324535012245178,42969690112,2024-02-11T18:56:48.212Z
65c90a6a85263126c7ce0e68,0.02071272023022175,0.16324535012245178,43378868224,2024-02-11T18:56:58.220Z
65c90a7485263126c7ce0e6c,0.18886452913284302,0.05669599398970604,43804164096,2024-02-11T18:57:08.214Z
65c90a7e85263126c7ce0e70,0.3555259704589844,0.09384164214134216,44222963712,2024-02-11T18:57:18.226Z
65c90a8885263126c7ce0e74,0.5225005745887756,0.13782991468906403,44668235776,2024-02-11T18:57:28.197Z
65c90a9285263126c7ce0e78,0.6887491941452026,0.03714565187692642,45101764608,2024-02-11T18:57:38.168Z
65c90a9c85263126c7ce0e7c,0.8553339838981628,0.11143694818019867,45559574528,2024-02-11T18:57:48.198Z
65c90aa685263126c7ce0e80,1.0212905406951904,0.08211144059896469,46005284864,2024-02-11T18:57:58.210Z
65c90ab085263126c7ce0e84,1.1882649660110474,0.16422288119792938,46464909312,2024-02-11T18:58:08.257Z
65c90aba85263126c7ce0e8c,1.3542027473449707,0.01075268816202879,46933643264,2024-02-11T18:58:18.296Z
65c90ac485263126c7ce0e90,1.521009922027588,0.1173020526766777,47419355136,2024-02-11T18:58:28.243Z
65c90ace85263126c7ce0e94,1.6879229545593262,0.0332355834543705,47905980416,2024-02-11T18:58:38.196Z
65c90ad885263126c7ce0e98,1.8537178039550781,0.19550342857837677,48376164352,2024-02-11T18:58:48.214Z
65c90ae285263126c7ce0e9c,2.0199527740478516,0.16422288119792938,48918380544,2024-02-11T18:58:58.191Z
65c90aec85263126c7ce0ea0,2.186630964279175,0.09188660979270935,49475891200,2024-02-11T18:59:08.209Z
65c90af685263126c7ce0ea4,2.3523266315460205,0.14565004408359528,50046349312,2024-02-11T18:59:18.207Z
65c90b0085263126c7ce0ea8,2.5191121101379395,0.18866080045700073,50620706816,2024-02-11T18:59:28.200Z
65c90b0a85263126c7ce0eac,2.6862683296203613,0.1661779135465622,51199094784,2024-02-11T18:59:38.190Z
65c90b1485263126c7ce0eb0,2.8527116775512695,0.12805473804473877,51772112896,2024-02-11T18:59:48.193Z
65c90b1e85263126c7ce0eb8,3.018649101257324,0.1818181872367859,52355063808,2024-02-11T18:59:58.294Z
65c90b2885263126c7ce0ebc,3.184904098510742,0.17106549441814423,52960452608,2024-02-11T19:00:08.212Z
65c90b3285263126c7ce0ec0,3.3513784408569336,0.055718474090099335,53566398464,2024-02-11T19:00:18.232Z
65c90b3c85263126c7ce0ec4,3.5180881023406982,0.13782991468906403,54185807872,2024-02-11T19:00:28.200Z
65c90b4685263126c7ce0ec8,3.6844546794891357,0.04203323647379875,54802399232,2024-02-11T19:00:38.192Z
65c90b5085263126c7ce0ecc,3.8511643409729004,0.039100684225559235,55439020032,2024-02-11T19:00:48.202Z
65c90b5a85263126c7ce0ed0,4.01674747467041,0.07331378012895584,56072654848,2024-02-11T19:00:58.191Z
65c90b6485263126c7ce0ed4,4.183197021484375,0.024437928572297096,56709894144,2024-02-11T19:01:08.208Z
65c90b6e85263126c7ce0ed8,4.3495635986328125,0.01173020526766777,57364049920,2024-02-11T19:01:18.216Z
65c90b7885263126c7ce0edc,4.516444206237793,0.05474095791578293,58015051776,2024-02-11T19:01:28.207Z
65c90b8285263126c7ce0ee4,4.682857513427734,0.029325513169169426,58683150336,2024-02-11T19:01:38.286Z
65c90b8c85263126c7ce0ee8,4.850213527679443,0.06256109476089478,59351449600,2024-02-11T19:01:48.204Z
65c90b9685263126c7ce0eec,5.015902042388916,0,60033527808,2024-02-11T19:01:58.208Z
65c90ba085263126c7ce0ef0,5.182778835296631,0.07135874778032303,60761776128,2024-02-11T19:02:08.189Z
65c90baa85263126c7ce0ef4,5.34880256652832,0.168132945895195,61450686464,2024-02-11T19:02:18.209Z
65c90bb485263126c7ce0ef8,5.515162944793701,0.06158357858657837,62153760768,2024-02-11T19:02:28.219Z
65c90bbe85263126c7ce0efc,5.682271480560303,0.19061583280563354,62852968448,2024-02-11T19:02:38.170Z
65c90bc885263126c7ce0f00,5.848025798797607,0.066471166908741,63569969152,2024-02-11T19:02:48.242Z
65c90bd285263126c7ce0f04,6.01488733291626,0.9462365508079529,64312893440,2024-02-11T19:02:58.185Z
65c90bdc85263126c7ce0f08,6.180818557739258,0.9833822250366211,65303838720,2024-02-11T19:03:08.195Z
65c90be685263126c7ce0f10,6.348038673400879,0.9521016478538513,66300674048,2024-02-11T19:03:18.217Z
65c90bf085263126c7ce0f14,6.513881683349609,0.7917888760566711,67295174656,2024-02-11T19:03:28.180Z
65c90bfa85263126c7ce0f18,6.680548667907715,0.8787878751754761,68318625792,2024-02-11T19:03:38.191Z
65c90c0485263126c7ce0f1c,6.847255706787109,0.8484848737716675,69340495872,2024-02-11T19:03:48.174Z
65c90c0e85263126c7ce0f20,7.01304292678833,0.8426197171211243,70393790464,2024-02-11T19:03:58.180Z
65c90c1885263126c7ce0f24,7.179959297180176,0.7233626842498779,71425589248,2024-02-11T19:04:08.179Z
65c90c2285263126c7ce0f28,7.346471786499023,0.667644202709198,72483610624,2024-02-11T19:04:18.171Z
65c90c2c85263126c7ce0f2c,7.513233184814453,0.8660801649093628,73566830592,2024-02-11T19:04:28.169Z
65c90c3685263126c7ce0f30,7.679741859436035,0.8113391995429993,74646257664,2024-02-11T19:04:38.196Z
65c90c4085263126c7ce0f34,7.845699310302734,0.6363636255264282,75752595456,2024-02-11T19:04:48.184Z
65c90c4a85263126c7ce0f3c,8.012633323669434,0.9325513243675232,76865519616,2024-02-11T19:04:58.248Z
65c90c5485263126c7ce0f40,8.17917251586914,0.7165200114250183,77990969344,2024-02-11T19:05:08.190Z
65c90c5e85263126c7ce0f44,8.345357894897461,0.9677419066429138,79125651456,2024-02-11T19:05:18.194Z
65c90c6885263126c7ce0f48,8.511884689331055,0.973607063293457,80257998848,2024-02-11T19:05:28.201Z
65c90c7285263126c7ce0f4c,8.678411483764648,0.9931573867797852,81430577152,2024-02-11T19:05:38.171Z
65c90c7c85263126c7ce0f50,8.844234466552734,0.890518069267273,82581217280,2024-02-11T19:05:48.184Z
65c90c8685263126c7ce0f54,9.010993957519531,0.9501466155052185,83759120384,2024-02-11T19:05:58.176Z
65c90c9085263126c7ce0f58,9.177557945251465,0.7712609767913818,84938809344,2024-02-11T19:06:08.172Z
65c90c9a85263126c7ce0f5c,9.34420394897461,0.9765396118164062,86127886336,2024-02-11T19:06:18.195Z
65c90ca485263126c7ce0f60,9.510783195495605,0.6871945261955261,87338786816,2024-02-11T19:06:28.182Z
65c90cae85263126c7ce0f68,9.676977157592773,0.694037139415741,88542199808,2024-02-11T19:06:38.236Z
65c90cb885263126c7ce0f6c,9.843862533569336,0.9628543257713318,89760563200,2024-02-11T19:06:48.168Z
65c90cc285263126c7ce0f70,10.009937286376953,0.7673509120941162,91006394368,2024-02-11T19:06:58.172Z
65c90ccc85263126c7ce0f74,10.176545143127441,0.6363636255264282,92720521216,2024-02-11T19:07:08.200Z
65c90cd685263126c7ce0f78,10.343243598937988,0.9384164214134216,94471610368,2024-02-11T19:07:18.157Z
65c90ce085263126c7ce0f7c,10.509532928466797,0.6392961740493774,96185737216,2024-02-11T19:07:28.169Z
65c90cea85263126c7ce0f80,10.675889015197754,0.905180811882019,97922965504,2024-02-11T19:07:38.202Z
65c90cf485263126c7ce0f84,10.842533111572266,0.9071359038352966,99650953216,2024-02-11T19:07:48.188Z
65c90cfe85263126c7ce0f88,11.008994102478027,0.9696969985961914,101332738048,2024-02-11T19:07:58.185Z
65c90d0885263126c7ce0f8c,11.175530433654785,0.9599217772483826,103037624320,2024-02-11T19:08:08.171Z
65c90d1285263126c7ce0f94,11.34207534790039,0.8367546200752258,104756371456,2024-02-11T19:08:18.324Z
65c90d1c85263126c7ce0f98,11.50869083404541,0.6412512063980103,106415054848,2024-02-11T19:08:28.207Z
65c90d2685263126c7ce0f9c,11.674513816833496,1,108124561408,2024-02-11T19:08:38.178Z
65c90d3085263126c7ce0fa0,11.841465950012207,0.6647116541862488,109686218752,2024-02-11T19:08:48.193Z
65c90d3a85263126c7ce0fa4,12.007932662963867,0.8044965863227844,111234015232,2024-02-11T19:08:58.190Z
65c90d4485263126c7ce0fa8,12.174301147460938,0.6500488519668579,112735608832,2024-02-11T19:09:08.186Z
65c90d4e85263126c7ce0fac,12.34067440032959,0.9413489699363708,114278785024,2024-02-11T19:09:18.181Z
65c90d5885263126c7ce0fb0,12.507059097290039,0.8768328428268433,115835822080,2024-02-11T19:09:28.194Z
65c90d6285263126c7ce0fb4,12.673192024230957,0.8318670392036438,117411340288,2024-02-11T19:09:38.193Z
65c90d6c85263126c7ce0fb8,12.839822769165039,0.6832844614982605,118982238208,2024-02-11T19:09:48.184Z
65c90d7685263126c7ce0fc0,13.006778717041016,0.7575757503509521,120543895552,2024-02-11T19:09:58.237Z
65c90d8085263126c7ce0fc4,13.172700881958008,0.8729227781295776,122082451456,2024-02-11T19:10:08.186Z
65c90d8a85263126c7ce0fc8,13.339137077331543,0.9872922897338867,123644108800,2024-02-11T19:10:18.194Z
65c90d9485263126c7ce0fcc,13.505670547485352,0.7155424952507019,125196525568,2024-02-11T19:10:28.168Z
65c90d9e85263126c7ce0fd0,13.672106742858887,0.9687194228172302,126744322048,2024-02-11T19:10:38.188Z
65c90da885263126c7ce0fd4,13.838459968566895,0.803519070148468,128305979392,2024-02-11T19:10:48.179Z
65c90db285263126c7ce0fd8,14.005194664001465,0.9706745147705078,129872257024,2024-02-11T19:10:58.187Z
65c90dbc85263126c7ce0fdc,14.171394348144531,0.960899293422699,131429294080,2024-02-11T19:11:08.163Z
65c90dc685263126c7ce0fe0,14.337777137756348,0.6999022364616394,132986331136,2024-02-11T19:11:18.187Z
65c90dd085263126c7ce0fe4,14.504247665405273,0.9589442610740662,134547988480,2024-02-11T19:11:28.161Z
65c90dda85263126c7ce0fec,14.67112922668457,0.6549364328384399,136132747264,2024-02-11T19:11:38.225Z
65c90de485263126c7ce0ff0,14.837411880493164,0.8611925840377808,137664249856,2024-02-11T19:11:48.166Z
65c90dee85263126c7ce0ff4,15.003561019897461,0.7781035900115967,139213864960,2024-02-11T19:11:58.194Z
65c90df885263126c7ce0ff8,15.17050838470459,0.8543499708175659,140754337792,2024-02-11T19:12:08.185Z
65c90e0285263126c7ce0ffc,15.33669376373291,0.7575757503509521,142249099264,2024-02-11T19:12:18.161Z
65c90e0c85263126c7ce1000,15.5035400390625,0.8582600355148315,143794143232,2024-02-11T19:12:28.174Z
65c90e1685263126c7ce1004,15.669215202331543,0.742913007736206,145339187200,2024-02-11T19:12:38.157Z
65c90e2085263126c7ce1008,15.836243629455566,0.774193525314331,146893373440,2024-02-11T19:12:48.175Z
65c90e2a85263126c7ce100c,16.002403259277344,0.8572825193405151,148438417408,2024-02-11T19:12:58.172Z
65c90e3485263126c7ce1010,16.169076919555664,0.9960899353027344,149978890240,2024-02-11T19:13:08.173Z
65c90e3e85263126c7ce1018,16.335386276245117,0.8240469098091125,151519363072,2024-02-11T19:13:18.246Z
65c90e4885263126c7ce101c,16.501920700073242,0.8729227781295776,153064407040,2024-02-11T19:13:28.200Z
65c90e5285263126c7ce1020,16.668203353881836,0.7116324305534363,154591166464,2024-02-11T19:13:38.190Z
65c90e5c85263126c7ce1024,16.834436416625977,0.6783968806266785,156122497024,2024-02-11T19:13:48.193Z
65c90e6685263126c7ce1028,17.00110626220703,0.9755620956420898,157644685312,2024-02-11T19:13:58.167Z
65c90e7085263126c7ce102c,17.16797637939453,0.8651026487350464,159180587008,2024-02-11T19:14:08.183Z
65c90e7a85263126c7ce1030,17.33439826965332,0.7565982341766357,160725630976,2024-02-11T19:14:18.170Z
65c90e8485263126c7ce1034,17.500808715820312,0.9521016478538513,162261532672,2024-02-11T19:14:28.183Z
65c90e8e85263126c7ce1038,17.66666603088379,0.6520038843154907,163806576640,2024-02-11T19:14:38.184Z
65c90e9885263126c7ce103c,17.83333396911621,0.7145649790763855,165347049472,2024-02-11T19:14:48.197Z
65c90ea285263126c7ce1044,18,0.08699902147054672,166887522304,2024-02-11T19:14:58.236Z
65c90eac85263126c7ce1048,18.166086196899414,0.08699902147054672,167922270208,2024-02-11T19:15:08.207Z
65c90eb685263126c7ce104c,18.3326416015625,0.08699902147054672,168971075584,2024-02-11T19:15:18.207Z
65c90ec085263126c7ce1050,18.49855613708496,0.08699902147054672,170004119552,2024-02-11T19:15:28.234Z
65c90eca85263126c7ce1054,18.66588592529297,0.0997067466378212,171054743552,2024-02-11T19:15:38.208Z
65c90ed485263126c7ce1058,18.832672119140625,0.08211144059896469,172096028672,2024-02-11T19:15:48.241Z
65c90ede85263126c7ce105c,18.999116897583008,0.009775171056389809,173157089280,2024-02-11T19:15:58.201Z
65c90ee885263126c7ce1060,19.16567039489746,0.020527860149741173,174214053888,2024-02-11T19:16:08.194Z
65c90ef285263126c7ce1064,19.331378936767578,0.012707722373306751,175275737088,2024-02-11T19:16:18.201Z
65c90efc85263126c7ce1068,19.497966766357422,0.14369501173496246,176346169344,2024-02-11T19:16:28.188Z
65c90f0685263126c7ce1070,19.663856506347656,0.032258063554763794,177414144000,2024-02-11T19:16:38.243Z
65c90f1085263126c7ce1074,19.830190658569336,0.13782991468906403,178477957120,2024-02-11T19:16:48.216Z
65c90f1a85263126c7ce1078,19.99650764465332,0.039100684225559235,179556941824,2024-02-11T19:16:58.188Z
65c90f2485263126c7ce107c,20.163333892822266,0.0997067466378212,180437958656,2024-02-11T19:17:08.211Z
65c90f2e85263126c7ce1080,20.329458236694336,0.0674486830830574,181306982400,2024-02-11T19:17:18.243Z
65c90f3885263126c7ce1084,20.496715545654297,0.1857282519340515,182206464000,2024-02-11T19:17:28.229Z
65c90f4285263126c7ce1088,20.66257095336914,0.13782991468906403,183078141952,2024-02-11T19:17:38.208Z
65c90f4c85263126c7ce108c,20.828781127929688,0.04203323647379875,183957028864,2024-02-11T19:17:48.233Z
65c90f5685263126c7ce1090,20.995012283325195,0.06158357858657837,184839700480,2024-02-11T19:17:58.229Z
65c90f6085263126c7ce1094,21.161788940429688,0.1515151560306549,185680068608,2024-02-11T19:18:08.172Z
65c90f6a85263126c7ce109c,21.327939987182617,0.1661779135465622,186532659200,2024-02-11T19:18:18.322Z
65c90f7485263126c7ce10a0,21.49512481689453,0.027370478957891464,187388772352,2024-02-11T19:18:28.207Z
65c90f7e85263126c7ce10a4,21.66119384765625,0.11143694818019867,188256894976,2024-02-11T19:18:38.256Z
65c90f8885263126c7ce10a8,21.82693099975586,0.17888562381267548,189126983680,2024-02-11T19:18:48.198Z
65c90f9285263126c7ce10ac,21.993183135986328,0.0009775171056389809,190069866496,2024-02-11T19:18:58.214Z
65c90f9c85263126c7ce10b0,22.16089630126953,0.04203323647379875,190956765184,2024-02-11T19:19:08.233Z
65c90fa685263126c7ce10b4,22.325668334960938,0.1818181872367859,191843270656,2024-02-11T19:19:18.212Z
65c90fb085263126c7ce10b8,22.493228912353516,0.15738025307655334,192741998592,2024-02-11T19:19:28.230Z
65c90fba85263126c7ce10bc,22.660297393798828,0.07722385227680206,193674657792,2024-02-11T19:19:38.204Z
65c90fc485263126c7ce10c0,22.82565689086914,0.18866080045700073,194713731072,2024-02-11T19:19:48.187Z
65c90fce85263126c7ce10c8,22.9930419921875,0.07429130375385284,195777626112,2024-02-11T19:19:58.290Z
65c90fd885263126c7ce10cc,23.159027099609375,0.1691104620695114,196839555072,2024-02-11T19:20:08.190Z
65c90fe285263126c7ce10d0,23.3254337310791,0.02834799699485302,197911068672,2024-02-11T19:20:18.188Z
65c90fec85263126c7ce10d4,23.492746353149414,0.019550342112779617,199001767936,2024-02-11T19:20:28.202Z
65c90ff685263126c7ce10d8,23.658872604370117,0.17106549441814423,200055193600,2024-02-11T19:20:38.229Z
65c9100085263126c7ce10dc,23.82513999938965,0.008797653950750828,201052700672,2024-02-11T19:20:48.172Z
65c9100a85263126c7ce10e0,23.991931915283203,0.0332355834543705,202068672512,2024-02-11T19:20:58.200Z
65c9101485263126c7ce10e4,0.15739203989505768,0.0332355834543705,203043651584,2024-02-11T19:21:08.182Z
65c9101e85263126c7ce10e8,0.3246771991252899,0.0674486830830574,204032147456,2024-02-11T19:21:18.207Z
65c9102885263126c7ce10ec,0.49138450622558594,0.14271749556064606,205039239168,2024-02-11T19:21:28.220Z
65c9103285263126c7ce10f4,0.6573171019554138,0.03714565187692642,206049984512,2024-02-11T19:21:38.267Z
65c9103c85263126c7ce10f8,0.8230058550834656,0.15542522072792053,207056142336,2024-02-11T19:21:48.193Z
65c9104685263126c7ce10fc,0.9904122352600098,0.1319648027420044,208076537856,2024-02-11T19:21:58.200Z
65c9105085263126c7ce1100,1.1569454669952393,0.12121212482452393,209094934528,2024-02-11T19:22:08.200Z
65c9105a85263126c7ce1104,1.3233367204666138,0,210173984768,2024-02-11T19:22:18.231Z
65c9106485263126c7ce1108,1.4892339706420898,0.13978494703769684,211133431808,2024-02-11T19:22:28.254Z
65c9106e85263126c7ce110c,1.6562540531158447,0.07624633610248566,212153008128,2024-02-11T19:22:38.241Z
65c9107885263126c7ce1110,1.8220791816711426,0.16422288119792938,213209743360,2024-02-11T19:22:48.197Z
65c9108285263126c7ce1114,1.98909330368042,0.19257086515426636,214258122752,2024-02-11T19:22:58.246Z
65c9108c85263126c7ce1118,2.1542396545410156,0.10263929516077042,215308615680,2024-02-11T19:23:08.212Z
65c9109685263126c7ce1120,2.3213820457458496,0.09384164214134216,216372379648,2024-02-11T19:23:18.286Z
65c910a085263126c7ce1124,2.4878814220428467,0.1495601236820221,217396150272,2024-02-11T19:23:28.191Z
65c910aa85263126c7ce1128,2.654231309890747,0.04007820039987564,218445692928,2024-02-11T19:23:38.198Z
65c910b485263126c7ce112c,2.8203983306884766,0.04789833724498749,219534114816,2024-02-11T19:23:48.265Z
65c910be85263126c7ce1130,2.986410140991211,0.12023460119962692,220633415680,2024-02-11T19:23:58.228Z
65c910c885263126c7ce1134,3.1536388397216797,0.11143694818019867,221733502976,2024-02-11T19:24:08.239Z
65c910d285263126c7ce1138,3.319575548171997,0.16031280159950256,222838931456,2024-02-11T19:24:18.196Z
65c910dc85263126c7ce113c,3.486420154571533,0.10166177898645401,223964037120,2024-02-11T19:24:28.236Z
65c910e685263126c7ce1140,3.652890920639038,0.020527860149741173,225083392000,2024-02-11T19:24:38.201Z
65c910f085263126c7ce1144,3.8192474842071533,0.11925708502531052,226199945216,2024-02-11T19:24:48.248Z
65c910fa85263126c7ce114c,3.9852890968322754,0.16422288119792938,227324346368,2024-02-11T19:24:58.275Z
65c9110485263126c7ce1150,4.151329517364502,0.01173020526766777,228456431616,2024-02-11T19:25:08.214Z
65c9110e85263126c7ce1154,4.317857265472412,0.17204301059246063,229605326848,2024-02-11T19:25:18.241Z
65c9111885263126c7ce1158,4.48502779006958,0.014662756584584713,230761431040,2024-02-11T19:25:28.207Z
65c9112285263126c7ce115c,4.651279449462891,0.02346041053533554,231917879296,2024-02-11T19:25:38.202Z
65c9112c85263126c7ce1160,4.818247318267822,0.07526881992816925,233066037248,2024-02-11T19:25:48.201Z
65c9113685263126c7ce1164,4.9842658042907715,0.11925708502531052,234234789888,2024-02-11T19:25:58.231Z
65c9114085263126c7ce1168,5.150092124938965,0.08602150529623032,235408244736,2024-02-11T19:26:08.169Z
65c9114a85263126c7ce116c,5.3169355392456055,0.029325513169169426,236575539200,2024-02-11T19:26:18.222Z
65c9115485263126c7ce1170,5.483175754547119,0.1661779135465622,237763592192,2024-02-11T19:26:28.189Z
65c9115e85263126c7ce1178,5.6492390632629395,0.13685239851474762,238955298816,2024-02-11T19:26:38.322Z
65c9116885263126c7ce117c,5.816313743591309,0.10948191583156586,240147333120,2024-02-11T19:26:48.198Z
65c9117285263126c7ce1180,5.982709884643555,0.032258063554763794,241354670080,2024-02-11T19:26:58.185Z
65c9117c85263126c7ce1184,6.1493730545043945,0.6647116541862488,242705498112,2024-02-11T19:27:08.180Z
65c9118685263126c7ce1188,6.316211700439453,0.8797653913497925,244430553088,2024-02-11T19:27:18.209Z
65c9119085263126c7ce118c,6.481746673583984,0.86412513256073,246143401984,2024-02-11T19:27:28.211Z
65c9119a85263126c7ce1190,6.648787498474121,0.6842619776725769,247885742080,2024-02-11T19:27:38.171Z
65c911a485263126c7ce1194,6.8153533935546875,0.72825026512146,249623773184,2024-02-11T19:27:48.199Z
65c911ae85263126c7ce1198,6.981602668762207,0.9178885817527771,251367587840,2024-02-11T19:27:58.202Z
65c911b885263126c7ce119c,7.147653579711914,0.7683284282684326,252999974912,2024-02-11T19:28:08.230Z
65c911c285263126c7ce11a4,7.314622402191162,0.6549364328384399,254619648000,2024-02-11T19:28:18.257Z
65c911cc85263126c7ce11a8,7.481268405914307,0.7712609767913818,256164331520,2024-02-11T19:28:28.247Z
65c911d685263126c7ce11ac,7.647945880889893,0.6480938196182251,257930018816,2024-02-11T19:28:38.208Z
65c911e085263126c7ce11b0,7.814302921295166,0.9775171279907227,259728982016,2024-02-11T19:28:48.214Z
65c911ea85263126c7ce11b4,7.981293678283691,0.9374389052391052,261526470656,2024-02-11T19:28:58.176Z
65c911f485263126c7ce11b8,8.147738456726074,0.9286412596702576,263326482432,2024-02-11T19:29:08.168Z
65c911fe85263126c7ce11bc,8.313382148742676,0.803519070148468,265149431808,2024-02-11T19:29:18.180Z
65c9120885263126c7ce11c0,8.480085372924805,0.7859237790107727,266981523456,2024-02-11T19:29:28.221Z
65c9121285263126c7ce11c4,8.646909713745117,0.8494623899459839,268846268416,2024-02-11T19:29:38.190Z
65c9121c85263126c7ce11c8,8.813740730285645,0.9042032957077026,270716370944,2024-02-11T19:29:48.201Z
65c9122685263126c7ce11d0,8.97957992553711,0.9110459685325623,272598122496,2024-02-11T19:29:58.246Z
65c9123085263126c7ce11d4,9.146344184875488,0.9237536787986755,274459738112,2024-02-11T19:30:08.160Z
65c9123a85263126c7ce11d8,9.312389373779297,0.8651026487350464,276361347072,2024-02-11T19:30:18.217Z
65c9124485263126c7ce11dc,9.478791236877441,0.8651026487350464,278255271936,2024-02-11T19:30:28.191Z
65c9124e85263126c7ce11e0,9.64511489868164,0.8631476163864136,280171872256,2024-02-11T19:30:38.172Z
65c9125885263126c7ce11e4,9.811324119567871,0.7810361385345459,282116653056,2024-02-11T19:30:48.194Z
65c9126285263126c7ce11e8,9.977690696716309,0.9100684523582458,284067004416,2024-02-11T19:30:58.197Z
65c9126c85263126c7ce11ec,10.144837379455566,0.6744868159294128,286638637056,2024-02-11T19:31:08.176Z
65c9127685263126c7ce11f0,10.31090259552002,0.7497556209564209,289438334976,2024-02-11T19:31:18.180Z
65c9128085263126c7ce11f4,10.477238655090332,0.8015640377998352,292175118336,2024-02-11T19:31:28.188Z
65c9128a85263126c7ce11fc,10.644002914428711,0.6950146555900574,294825394176,2024-02-11T19:31:38.202Z
65c9129485263126c7ce1200,10.810457229614258,0.9130010008811951,297593634816,2024-02-11T19:31:48.195Z
65c9129e85263126c7ce1204,10.976181983947754,0.9960899353027344,300338282496,2024-02-11T19:31:58.177Z
65c912a885263126c7ce1208,11.143317222595215,0.7194526195526123,303122251776,2024-02-11T19:32:08.180Z
65c912b285263126c7ce120c,11.309670448303223,0.9374389052391052,305843306496,2024-02-11T19:32:18.195Z
65c912bc85263126c7ce1210,11.476265907287598,0.7839687466621399,308422803456,2024-02-11T19:32:28.191Z
65c912c685263126c7ce1214,11.642521858215332,0.7321603298187256,311159586816,2024-02-11T19:32:38.176Z
65c912d085263126c7ce1218,11.809375762939453,0.8132942318916321,313912098816,2024-02-11T19:32:48.199Z
65c912da85263126c7ce121c,11.975785255432129,0.9912023544311523,316633153536,2024-02-11T19:32:58.199Z
65c912e485263126c7ce1220,12.142069816589355,0.803519070148468,319362072576,2024-02-11T19:33:08.181Z
65c912ee85263126c7ce1228,12.308781623840332,0.742913007736206,322114584576,2024-02-11T19:33:18.255Z
65c912f885263126c7ce122c,12.475102424621582,0.6979472041130066,324772724736,2024-02-11T19:33:28.194Z
65c9130285263126c7ce1230,12.64126205444336,0.6539589166641235,327478050816,2024-02-11T19:33:38.174Z
65c9130c85263126c7ce1234,12.808601379394531,0.9784946441650391,330262020096,2024-02-11T19:33:48.196Z
65c9131685263126c7ce1238,12.9749116897583,0.7126099467277527,332998803456,2024-02-11T19:33:58.185Z
65c9132085263126c7ce123c,13.141448974609375,0.9677419066429138,335759179776,2024-02-11T19:34:08.188Z
65c9132a85263126c7ce1240,13.307679176330566,0.7399804592132568,338495963136,2024-02-11T19:34:18.182Z
65c9133485263126c7ce1244,13.474347114562988,0.9491690993309021,341217017856,2024-02-11T19:34:28.193Z
65c9133e85263126c7ce1248,13.641120910644531,0.7194526195526123,343953801216,2024-02-11T19:34:38.191Z
65c9134885263126c7ce124c,13.807552337646484,0.7859237790107727,346674855936,2024-02-11T19:34:48.182Z
65c9135285263126c7ce1254,13.973838806152344,0.8787878751754761,349395910656,2024-02-11T19:34:58.240Z
65c9135c85263126c7ce1258,14.140530586242676,0.7106549143791199,352148422656,2024-02-11T19:35:08.187Z
65c9136685263126c7ce125c,14.30642032623291,0.7057673335075378,354885206016,2024-02-11T19:35:18.185Z
65c9137085263126c7ce1260,14.473037719726562,0.6559139490127563,357621989376,2024-02-11T19:35:28.174Z
65c9137a85263126c7ce1264,14.639564514160156,0.638318657875061,360358772736,2024-02-11T19:35:38.234Z
65c9138485263126c7ce1268,14.805697441101074,0.8455523252487183,363087691776,2024-02-11T19:35:48.550Z
65c9138e85263126c7ce126c,14.972207069396973,0.7399804592132568,365612138496,2024-02-11T19:35:58.168Z
65c9139885263126c7ce1270,15.138873100280762,0.7223851680755615,368238821376,2024-02-11T19:36:08.196Z
65c913a285263126c7ce1274,15.305027961730957,0.6490713357925415,371117162496,2024-02-11T19:36:18.178Z
65c913ac85263126c7ce1278,15.471654891967773,0.9110459685325623,374082011136,2024-02-11T19:36:28.184Z
65c913b685263126c7ce1280,15.638325691223145,0.9824047088623047,377007538176,2024-02-11T19:36:38.235Z
65c913c085263126c7ce1284,15.804192543029785,0.6862170100212097,379862286336,2024-02-11T19:36:48.209Z
65c913ca85263126c7ce1288,15.970973014831543,0.7605082988739014,382740627456,2024-02-11T19:36:58.169Z
65c913d485263126c7ce128c,16.137163162231445,0.7165200114250183,385532461056,2024-02-11T19:37:08.183Z
65c913de85263126c7ce1290,16.303436279296875,0.8670576810836792,388292837376,2024-02-11T19:37:18.157Z
65c913e885263126c7ce1294,16.47036361694336,0.6871945261955261,391202635776,2024-02-11T19:37:28.169Z
65c913f285263126c7ce1298,16.636796951293945,0.8709677457809448,394136027136,2024-02-11T19:37:38.168Z
65c913fc85263126c7ce129c,16.803560256958008,0.9921798706054688,397053689856,2024-02-11T19:37:48.194Z
65c9140685263126c7ce12a0,16.96932601928711,0.8377321362495422,399538814976,2024-02-11T19:37:58.186Z
65c9141085263126c7ce12a4,17.13636016845703,0.7614858150482178,402071126016,2024-02-11T19:38:08.173Z
65c9141a85263126c7ce12ac,17.302162170410156,0.8475073575973511,404587708416,2024-02-11T19:38:18.321Z
65c9142485263126c7ce12b0,17.468429565429688,0.9130010008811951,407096426496,2024-02-11T19:38:28.184Z
65c9142e85263126c7ce12b4,17.635650634765625,0.8113391995429993,409660194816,2024-02-11T19:38:38.194Z
65c9143885263126c7ce12b8,17.801469802856445,0.6559139490127563,412247556096,2024-02-11T19:38:48.188Z
65c9144285263126c7ce12bc,17.96862030029297,0.7174975275993347,414858510336,2024-02-11T19:38:58.161Z
65c9144c85263126c7ce12c0,18.134864807128906,0.1818181872367859,416738082816,2024-02-11T19:39:08.207Z
65c9145685263126c7ce12c4,18.301366806030273,0.1515151560306549,418483961856,2024-02-11T19:39:18.191Z
65c9146085263126c7ce12c8,18.467510223388672,0.10361681133508682,420198383616,2024-02-11T19:39:28.214Z
65c9146a85263126c7ce12cc,18.63448715209961,0.01173020526766777,421934104576,2024-02-11T19:39:38.188Z
65c9147485263126c7ce12d0,18.799949645996094,0.09481915831565857,423526629376,2024-02-11T19:39:48.216Z
65c9147e85263126c7ce12d8,18.96657943725586,0.0019550342112779617,425358032896,2024-02-11T19:39:58.246Z
65c9148885263126c7ce12dc,19.133882522583008,0.006842619739472866,427356651520,2024-02-11T19:40:08.196Z
65c9149285263126c7ce12e0,19.300106048583984,0.07624633610248566,429379158016,2024-02-11T19:40:18.219Z
65c9149c85263126c7ce12e4,19.466999053955078,0.19452589750289917,431337963520,2024-02-11T19:40:28.196Z
65c914a685263126c7ce12e8,19.633052825927734,0.14076246321201324,433227268096,2024-02-11T19:40:38.244Z
65c914b085263126c7ce12ec,19.799108505249023,0.06256109476089478,435153829888,2024-02-11T19:40:48.190Z
65c914ba85263126c7ce12f0,19.965476989746094,0.01661779172718525,437096513536,2024-02-11T19:40:58.191Z
65c914c485263126c7ce12f4,20.132049560546875,0.03030303120613098,438740942848,2024-02-11T19:41:08.187Z
65c914ce85263126c7ce12f8,20.298830032348633,0.1515151560306549,440256397312,2024-02-11T19:41:18.191Z
65c914d885263126c7ce12fc,20.465269088745117,0.16324535012245178,441792823296,2024-02-11T19:41:28.195Z
65c914e285263126c7ce1304,20.630596160888672,0.01173020526766777,443336982528,2024-02-11T19:41:38.282Z
65c914ec85263126c7ce1308,20.798320770263672,0.17399804294109344,444889399296,2024-02-11T19:41:48.215Z
65c914f685263126c7ce130c,20.964860916137695,0.08993157744407654,446474846208,2024-02-11T19:41:58.201Z
65c9150085263126c7ce1310,21.130535125732422,0.11534702032804489,447994232832,2024-02-11T19:42:08.189Z
65c9150a85263126c7ce1314,21.297096252441406,0.0029325513169169426,449480589312,2024-02-11T19:42:18.197Z
65c9151485263126c7ce1318,21.464258193969727,0.027370478957891464,451014754304,2024-02-11T19:42:28.232Z
65c9151e85263126c7ce131c,21.630216598510742,0.07331378012895584,452553408512,2024-02-11T19:42:38.206Z
65c9152885263126c7ce1320,21.79660987854004,0.009775171056389809,454100516864,2024-02-11T19:42:48.190Z
65c9153285263126c7ce1324,21.96331024169922,0.020527860149741173,455630716928,2024-02-11T19:42:58.222Z
65c9153c85263126c7ce1328,22.130388259887695,0.14369501173496246,457169371136,2024-02-11T19:43:08.162Z
65c9154685263126c7ce1330,22.295745849609375,0.15933528542518616,458732109824,2024-02-11T19:43:18.238Z
65c9155085263126c7ce1334,22.462980270385742,0.08797653764486313,460297895936,2024-02-11T19:43:28.203Z
65c9155a85263126c7ce1338,22.629117965698242,0.10654936730861664,461872332800,2024-02-11T19:43:38.231Z
65c9156485263126c7ce133c,22.79591941833496,0.06256109476089478,463455420416,2024-02-11T19:43:48.214Z
65c9156e85263126c7ce1340,22.96223258972168,0.07526881992816925,465038508032,2024-02-11T19:43:58.200Z
65c9157885263126c7ce1344,23.12871742248535,0.0019550342112779617,466621595648,2024-02-11T19:44:08.196Z
65c9158285263126c7ce1348,23.294389724731445,0.0019550342112779617,468247904256,2024-02-11T19:44:18.209Z
65c9158c85263126c7ce134c,23.4613037109375,0.17595307528972626,469866971136,2024-02-11T19:44:28.195Z
65c9159685263126c7ce1350,23.62687110900879,0.19159334897994995,471468343296,2024-02-11T19:44:38.206Z
65c915a085263126c7ce1354,23.794654846191406,0.0019550342112779617,473087410176,2024-02-11T19:44:48.182Z
65c915aa85263126c7ce135c,23.960641860961914,0.05180840566754341,474697629696,2024-02-11T19:44:58.228Z
65c915b485263126c7ce1360,0.12584175169467926,0.05180840566754341,476325380096,2024-02-11T19:45:08.196Z
65c915be85263126c7ce1364,0.29303377866744995,0.12707722187042236,477971382272,2024-02-11T19:45:18.205Z
65c915c885263126c7ce1368,0.4602862298488617,0.012707722373306751,479635472384,2024-02-11T19:45:28.197Z
65c915d285263126c7ce136c,0.6267910599708557,0.12707722187042236,481272430592,2024-02-11T19:45:38.183Z
65c915dc85263126c7ce1370,0.7923731803894043,0.1691104620695114,482918432768,2024-02-11T19:45:48.189Z
65c915e685263126c7ce1374,0.9593335390090942,0.07135874778032303,484565680128,2024-02-11T19:45:58.187Z
65c915f085263126c7ce1378,1.1262950897216797,0.09090909361839294,486238126080,2024-02-11T19:46:08.205Z
65c915fa85263126c7ce137c,1.2918649911880493,0.06353861093521118,487919910912,2024-02-11T19:46:18.219Z
65c9160485263126c7ce1380,1.4586193561553955,0.0830889567732811,489610936320,2024-02-11T19:46:28.178Z
65c9160e85263126c7ce1388,1.6243412494659424,0.1006842628121376,491292721152,2024-02-11T19:46:38.301Z
65c9161885263126c7ce138c,1.7911121845245361,0.045943304896354675,492974505984,2024-02-11T19:46:48.210Z
65c9162285263126c7ce1390,1.957853078842163,0.0332355834543705,494685159424,2024-02-11T19:46:58.214Z
65c9162c85263126c7ce1394,2.124626398086548,0.18670576810836792,496393289728,2024-02-11T19:47:08.202Z
65c9163685263126c7ce1398,2.2905704975128174,0.13782991468906403,498110857216,2024-02-11T19:47:18.202Z
65c9164085263126c7ce139c,2.4576170444488525,0.17888562381267548,499837861888,2024-02-11T19:47:28.226Z
65c9164a85263126c7ce13a0,2.624171495437622,0.06451612710952759,501555429376,2024-02-11T19:47:38.207Z
65c9165485263126c7ce13a4,2.790219783782959,0.07526881992816925,503286071296,2024-02-11T19:47:48.254Z
65c9165e85263126c7ce13a8,2.9572854042053223,0.17888562381267548,505049055232,2024-02-11T19:47:58.175Z
65c9166885263126c7ce13ac,3.1232383251190186,0.027370478957891464,506802405376,2024-02-11T19:48:08.214Z
65c9167285263126c7ce13b4,3.2894723415374756,0.034213099628686905,508546121728,2024-02-11T19:48:18.278Z
65c9167c85263126c7ce13b8,3.4556102752685547,0.16422288119792938,510299471872,2024-02-11T19:48:28.241Z
65c9168685263126c7ce13bc,3.6221277713775635,0.0332355834543705,512062455808,2024-02-11T19:48:38.243Z
65c9169085263126c7ce13c0,3.78875470161438,0.07135874778032303,513848901632,2024-02-11T19:48:48.208Z
65c9169a85263126c7ce13c4,3.955033779144287,0.08504398912191391,515647864832,2024-02-11T19:48:58.230Z
65c916a485263126c7ce13c8,4.121212482452393,0.04496578872203827,517446828032,2024-02-11T19:49:08.190Z
65c916ae85263126c7ce13cc,4.287511348724365,0.10557185113430023,519235960832,2024-02-11T19:49:18.240Z
65c916b885263126c7ce13d0,4.454217910766602,0.11534702032804489,521034924032,2024-02-11T19:49:28.206Z
65c916c285263126c7ce13d4,4.620375156402588,0.1818181872367859,522820681728,2024-02-11T19:49:38.194Z
65c916cc85263126c7ce13d8,4.787102222442627,0.18963831663131714,524555354112,2024-02-11T19:49:48.235Z
65c916d685263126c7ce13e0,4.952799320220947,0.16422288119792938,526380269568,2024-02-11T19:49:58.277Z
65c916e085263126c7ce13e4,5.119508743286133,0.12512218952178955,528205185024,2024-02-11T19:50:08.243Z
65c916ea85263126c7ce13e8,5.286376953125,0.17204301059246063,530040127488,2024-02-11T19:50:18.253Z
65c916f485263126c7ce13ec,5.452091693878174,0.1163245365023613,531885096960,2024-02-11T19:50:28.203Z
65c916fe85263126c7ce13f0,5.619992256164551,0.04692082107067108,533746712576,2024-02-11T19:50:38.211Z
65c9170885263126c7ce13f4,5.7857747077941895,0.03616813197731972,535627857920,2024-02-11T19:50:48.190Z
65c9171285263126c7ce13f8,5.952240467071533,0.0830889567732811,537488556032,2024-02-11T19:50:58.193Z
65c9171c85263126c7ce13fc,6.117791652679443,0.7135874629020691,539799093248,2024-02-11T19:51:08.191Z
65c9172685263126c7ce1400,6.28508996963501,0.8523949384689331,542354997248,2024-02-11T19:51:18.198Z
65c9173085263126c7ce1404,6.4517364501953125,0.7399804592132568,544944750592,2024-02-11T19:51:28.194Z
65c9173a85263126c7ce140c,6.617720603942871,0.8005865216255188,547518545920,2024-02-11T19:51:38.258Z
65c9174485263126c7ce1410,6.784541606903076,0.8435972332954407,550116655104,2024-02-11T19:51:48.182Z
65c9174e85263126c7ce1414,6.950939178466797,0.638318657875061,552715550720,2024-02-11T19:51:58.217Z
65c9175885263126c7ce1418,7.117647647857666,0.759530782699585,555359141888,2024-02-11T19:52:08.205Z
65c9176285263126c7ce141c,7.284251689910889,0.698924720287323,557960265728,2024-02-11T19:52:18.191Z
65c9176c85263126c7ce1420,7.450584888458252,0.774193525314331,560593240064,2024-02-11T19:52:28.194Z
65c9177685263126c7ce1424,7.616866111755371,0.8426197171211243,563247448064,2024-02-11T19:52:38.165Z
65c9178085263126c7ce1428,7.78388786315918,0.9364613890647888,565880422400,2024-02-11T19:52:48.192Z
65c9178a85263126c7ce142c,7.949617385864258,0.7927663922309875,568513396736,2024-02-11T19:52:58.191Z
65c9179485263126c7ce1430,8.115830421447754,0.6871945261955261,571114520576,2024-02-11T19:53:08.209Z
65c9179e85263126c7ce1438,8.283001899719238,0.9305962920188904,573747494912,2024-02-11T19:53:18.228Z
65c917a885263126c7ce143c,8.448655128479004,0.8944281339645386,576369852416,2024-02-11T19:53:28.207Z
65c917b285263126c7ce1440,8.61518383026123,0.8132942318916321,579024060416,2024-02-11T19:53:38.178Z
65c917bc85263126c7ce1444,8.78199291229248,0.9462365508079529,581747474432,2024-02-11T19:53:48.180Z
65c917c685263126c7ce1448,8.948502540588379,0.8074291348457336,584510996480,2024-02-11T19:53:58.206Z
65c917d085263126c7ce144c,9.114914894104004,0.7096773982048035,587120377856,2024-02-11T19:54:08.192Z
65c917da85263126c7ce1450,9.280832290649414,0.9178885817527771,589905920000,2024-02-11T19:54:18.207Z
65c917e485263126c7ce1454,9.448014259338379,0.8729227781295776,592647421952,2024-02-11T19:54:28.203Z
65c917ee85263126c7ce1458,9.614007949829102,0.8289344906806946,595388923904,2024-02-11T19:54:38.183Z
65c917f885263126c7ce145c,9.780263900756836,0.6412512063980103,598141435904,2024-02-11T19:54:48.187Z
65c9180285263126c7ce1464,9.947107315063477,0.895405650138855,600882937856,2024-02-11T19:54:58.255Z
65c9180c85263126c7ce1468,10.113614082336426,0.7253177165985107,604395143168,2024-02-11T19:55:08.193Z
65c9181685263126c7ce146c,10.28029727935791,0.7908113598823547,608259670016,2024-02-11T19:55:18.177Z
65c9182085263126c7ce1470,10.446035385131836,0.8426197171211243,612102176768,2024-02-11T19:55:28.162Z
65c9182a85263126c7ce1474,10.612651824951172,0.72825026512146,615977713664,2024-02-11T19:55:38.183Z
65c9183485263126c7ce1478,10.779236793518066,0.8973606824874878,619809210368,2024-02-11T19:55:48.196Z
65c9183e85263126c7ce147c,10.9456787109375,0.6637341380119324,623673737216,2024-02-11T19:55:58.186Z
65c9184885263126c7ce1480,11.11212158203125,0.9696969985961914,627549274112,2024-02-11T19:56:08.196Z
65c9185285263126c7ce1484,11.278823852539062,0.934506356716156,631457841152,2024-02-11T19:56:18.170Z
65c9185c85263126c7ce1488,11.444963455200195,0.793743908405304,635311357952,2024-02-11T19:56:28.194Z
65c9186685263126c7ce1490,11.611127853393555,0.7497556209564209,639197904896,2024-02-11T19:56:38.240Z
65c9187085263126c7ce1494,11.777493476867676,0.7057673335075378,643062431744,2024-02-11T19:56:48.211Z
65c9187a85263126c7ce1498,11.943835258483887,0.8758553266525269,646926958592,2024-02-11T19:56:58.178Z
65c9188485263126c7ce149c,12.11067008972168,0.9501466155052185,650802495488,2024-02-11T19:57:08.189Z
65c9188e85263126c7ce14a0,12.2771577835083,0.9032257795333862,654689042432,2024-02-11T19:57:18.197Z
65c9189885263126c7ce14a4,12.443166732788086,0.6441837549209595,658564579328,2024-02-11T19:57:28.190Z
65c918a285263126c7ce14a8,12.609626770019531,0.662756621837616,662429106176,2024-02-11T19:57:38.191Z
65c918ac85263126c7ce14ac,12.776159286499023,0.7536656856536865,666326663168,2024-02-11T19:57:48.198Z
65c918b685263126c7ce14b0,12.942558288574219,0.7155424952507019,670169169920,2024-02-11T19:57:58.196Z
65c918c085263126c7ce14b4,13.109185218811035,0.6549364328384399,674033696768,2024-02-11T19:58:08.197Z
65c918ca85263126c7ce14bc,13.275341987609863,0.7917888760566711,677931253760,2024-02-11T19:58:18.219Z
65c918d485263126c7ce14c0,13.441964149475098,0.638318657875061,681674670080,2024-02-11T19:58:28.203Z
65c918de85263126c7ce14c4,13.608272552490234,0.8220918774604797,685528186880,2024-02-11T19:58:38.191Z
65c918e885263126c7ce14c8,13.774555206298828,0.6500488519668579,689381703680,2024-02-11T19:58:48.158Z
65c918f285263126c7ce14cc,13.941121101379395,0.9217986464500427,693246230528,2024-02-11T19:58:58.182Z
65c918fc85263126c7ce14d0,14.10768985748291,0.7047898173332214,697176817664,2024-02-11T19:59:08.170Z
65c9190685263126c7ce14d4,14.274115562438965,0.9354838728904724,701041344512,2024-02-11T19:59:18.183Z
65c9191085263126c7ce14d8,14.44064712524414,0.738025426864624,704916881408,2024-02-11T19:59:28.173Z
65c9191a85263126c7ce14dc,14.606912612915039,0.9403714537620544,708792418304,2024-02-11T19:59:38.167Z
65c9192485263126c7ce14e0,14.77320384979248,0.8445748090744019,712667955200,2024-02-11T19:59:48.195Z
65c9192e85263126c7ce14e8,14.939859390258789,0.9423264861106873,716532482048,2024-02-11T19:59:58.213Z
65c9193885263126c7ce14ec,15.106229782104492,0.8152492642402649,720452059136,2024-02-11T20:00:08.166Z
65c9194285263126c7ce14f0,15.273146629333496,0.8435972332954407,724305575936,2024-02-11T20:00:18.170Z
65c9194c85263126c7ce14f4,15.439197540283203,0.8807429075241089,728170102784,2024-02-11T20:00:28.155Z
65c9195685263126c7ce14f8,15.605328559875488,0.9247311949729919,732067659776,2024-02-11T20:00:38.178Z
65c9196085263126c7ce14fc,15.771737098693848,0.8875855207443237,735921176576,2024-02-11T20:00:48.187Z
65c9196a85263126c7ce1500,15.93804931640625,0.7546432018280029,739873783808,2024-02-11T20:00:58.179Z
65c9197485263126c7ce1504,16.104736328125,0.929618775844574,743617200128,2024-02-11T20:01:08.172Z
65c9197e85263126c7ce1508,16.271146774291992,0.8484848737716675,747503747072,2024-02-11T20:01:18.158Z
65c9198885263126c7ce150c,16.437877655029297,0.9149560332298279,751522414592,2024-02-11T20:01:28.162Z
65c9199285263126c7ce1514,16.604175567626953,0.8514174222946167,755331891200,2024-02-11T20:01:38.225Z
65c9199c85263126c7ce1518,16.770998001098633,0.8602150678634644,759449649152,2024-02-11T20:01:48.179Z
65c919a685263126c7ce151c,16.937419891357422,0.6412512063980103,763578417152,2024-02-11T20:01:58.164Z
65c919b085263126c7ce1520,17.1033878326416,0.6549364328384399,767729205248,2024-02-11T20:02:08.184Z
65c919ba85263126c7ce1524,17.27012825012207,0.9833822250366211,771868983296,2024-02-11T20:02:18.164Z
65c919c485263126c7ce1528,17.436519622802734,0.8778103590011597,776041791488,2024-02-11T20:02:28.178Z
65c919ce85263126c7ce152c,17.603046417236328,0.7194526195526123,780214599680,2024-02-11T20:02:38.155Z
65c919d885263126c7ce1530,17.769798278808594,0.7370479106903076,784310337536,2024-02-11T20:02:48.187Z
65c919e285263126c7ce1534,17.93634033203125,0.7165200114250183,788417085440,2024-02-11T20:02:58.160Z
65c919ec85263126c7ce1538,18.10261344909668,0.17497555911540985,791676059648,2024-02-11T20:03:08.199Z
65c919f685263126c7ce1540,18.268760681152344,0.0830889567732811,794461601792,2024-02-11T20:03:18.252Z
65c91a0085263126c7ce1544,18.43524932861328,0.10557185113430023,797203103744,2024-02-11T20:03:28.203Z
65c91a0a85263126c7ce1548,18.60141944885254,0.02150537632405758,800019644416,2024-02-11T20:03:38.216Z
65c91a1485263126c7ce154c,18.76875114440918,0.0039100684225559235,802888548352,2024-02-11T20:03:48.171Z
65c91a1e85263126c7ce1550,18.93512725830078,0.1671554297208786,805768658944,2024-02-11T20:03:58.207Z
65c91a2885263126c7ce1554,19.10090446472168,0.013685239478945732,808626356224,2024-02-11T20:04:08.200Z
65c91a3285263126c7ce1558,19.267471313476562,0.08211144059896469,811315953664,2024-02-11T20:04:18.227Z
65c91a3c85263126c7ce155c,19.434410095214844,0.1173020526766777,813994344448,2024-02-11T20:04:28.210Z
65c91a4685263126c7ce1560,19.600313186645508,0.12512218952178955,816695148544,2024-02-11T20:04:38.202Z
65c91a5085263126c7ce1564,19.767515182495117,0.1348973661661148,819384745984,2024-02-11T20:04:48.194Z
65c91a5a85263126c7ce156c,19.93359375,0.17302052676677704,822119170048,2024-02-11T20:04:58.255Z
65c91a6485263126c7ce1570,20.100345611572266,0.005865102633833885,824506187776,2024-02-11T20:05:08.176Z
65c91a6e85263126c7ce1574,20.26636505126953,0.1837732195854187,826769932288,2024-02-11T20:05:18.221Z
65c91a7885263126c7ce1578,20.43301773071289,0.17888562381267548,829084336128,2024-02-11T20:05:28.190Z
65c91a8285263126c7ce157c,20.599102020263672,0.08699902147054672,831501500416,2024-02-11T20:05:38.198Z
65c91a8c85263126c7ce1580,20.765796661376953,0.17008797824382782,833879474176,2024-02-11T20:05:48.220Z
65c91a9685263126c7ce1584,20.932222366333008,0.006842619739472866,836269047808,2024-02-11T20:05:58.214Z
65c91aa085263126c7ce1588,21.098434448242188,0.08895405381917953,838589022208,2024-02-11T20:06:08.203Z
65c91aaa85263126c7ce158c,21.264856338500977,0.13978494703769684,840850997248,2024-02-11T20:06:18.225Z
65c91ab485263126c7ce1590,21.430744171142578,0.12218964099884033,843043373056,2024-02-11T20:06:28.201Z
65c91abe85263126c7ce1598,21.598234176635742,0.12414467334747314,845305348096,2024-02-11T20:06:38.273Z
65c91ac885263126c7ce159c,21.764755249023438,0.13000977039337158,847613722624,2024-02-11T20:06:48.174Z
65c91ad285263126c7ce15a0,21.930601119995117,0.14369501173496246,849852497920,2024-02-11T20:06:58.165Z
65c91adc85263126c7ce15a4,22.09680938720703,0.17595307528972626,852114472960,2024-02-11T20:07:08.196Z
65c91ae685263126c7ce15a8,22.26386833190918,0.07429130375385284,854299901952,2024-02-11T20:07:18.228Z
65c91af085263126c7ce15ac,22.429698944091797,0.15347018837928772,856457216000,2024-02-11T20:07:28.211Z
65c91afa85263126c7ce15b0,22.595951080322266,0.029325513169169426,858699923456,2024-02-11T20:07:38.195Z
65c91b0485263126c7ce15b4,22.762895584106445,0.04789833724498749,860954624000,2024-02-11T20:07:48.220Z
65c91b0e85263126c7ce15b8,22.92603302001953,0.066471166908741,862693621760,2024-02-11T20:07:58.299Z
65c91b1885263126c7ce15bc,23.09598731994629,0.1163245365023613,864708460544,2024-02-11T20:08:08.192Z
65c91b2285263126c7ce15c4,23.262760162353516,0.01857282593846321,867035119616,2024-02-11T20:08:18.279Z
65c91b2c85263126c7ce15c8,23.428983688354492,0.12903225421905518,869349785600,2024-02-11T20:08:28.197Z
65c91b3685263126c7ce15cc,23.595836639404297,0.08699902147054672,871688437760,2024-02-11T20:08:38.198Z
65c91b4085263126c7ce15d0,23.76190948486328,0.1847507357597351,873991110656,2024-02-11T20:08:48.202Z
65c91b4a85263126c7ce15d4,23.92853546142578,0.1485826075077057,876233818112,2024-02-11T20:08:58.225Z
65c91b5485263126c7ce15d8,0.09371251612901688,0.1485826075077057,878520893440,2024-02-11T20:09:08.183Z
65c91b5e85263126c7ce15dc,0.2615666687488556,0.07526881992816925,880813277184,2024-02-11T20:09:18.199Z
65c91b6885263126c7ce15e0,0.42755693197250366,0.1348973661661148,883154288640,2024-02-11T20:09:28.214Z
65c91b7285263126c7ce15e4,0.5955090522766113,0.02150537632405758,885061779456,2024-02-11T20:09:38.254Z
65c91b7c85263126c7ce15e8,0.7623712420463562,0.16226783394813538,887427563520,2024-02-11T20:09:48.259Z
65c91b8685263126c7ce15f0,0.9278539419174194,0.1661779135465622,889644711936,2024-02-11T20:09:58.338Z
65c91b9085263126c7ce15f4,1.0951420068740845,0.11339198797941208,892010496000,2024-02-11T20:10:08.320Z
65c91b9a85263126c7ce15f8,1.261492371559143,0.04203323647379875,894425825280,2024-02-11T20:10:18.305Z
65c91ba485263126c7ce15fc,1.4280565977096558,0.04887585714459419,896803995648,2024-02-11T20:10:28.236Z
65c91bae85263126c7ce1600,1.5944052934646606,0.06060606241226196,899194552320,2024-02-11T20:10:38.264Z
65c91bb885263126c7ce1604,1.761001706123352,0.13782991468906403,901535563776,2024-02-11T20:10:48.273Z
65c91bc285263126c7ce1608,1.9286682605743408,0.0498533733189106,903760314368,2024-02-11T20:10:58.433Z
65c91bcc85263126c7ce160c,2.094181776046753,0.1691104620695114,906128982016,2024-02-11T20:11:08.440Z
